2025-12-15 23:54:56,509 - MusicBot - INFO - 🚀 Бот с функцией скачивания запущен!
2025-12-15 23:57:10,157 - MusicBot - INFO - 📥 Запрос на скачивание от 1362537530: https://www.youtube.com/watch?v=4VxdufqB9zg
2025-12-15 23:57:10,158 - MusicBot - INFO - 📥 Начинаю скачивание: https://www.youtube.com/watch?v=4VxdufqB9zg
2025-12-15 23:57:42,563 - MusicBot - INFO - 📤 Отправлен MP3 пользователю 1362537530
2025-12-15 23:57:42,564 - MusicBot - INFO - 🧹 Удалены временные файлы: C:\Users\veny9\OneDrive\Рабочий стол\test\downloads\tmp067k6l1f
2025-12-16 00:05:55,141 - MusicBot - INFO - 📥 Запрос на скачивание от 1362537530: https://www.youtube.com/watch?v=DTbe65nl0fU
2025-12-16 00:05:55,141 - MusicBot - INFO - 📥 Начинаю скачивание: https://www.youtube.com/watch?v=DTbe65nl0fU
2025-12-16 00:06:08,132 - MusicBot - INFO - 📤 Отправлен MP3 пользователю 1362537530
2025-12-16 00:06:08,134 - MusicBot - INFO - 🧹 Удалены временные файлы: C:\Users\veny9\OneDrive\Рабочий стол\test\downloads\tmp7qhdmho0
2025-12-16 00:09:51,439 - TeleBot - ERROR - Infinity polling: polling exited
2025-12-16 00:09:51,439 - TeleBot - ERROR - Break infinity polling
2025-12-16 01:22:10,082 - MusicBot - INFO - 🚀 Бот запущен с поддержкой нескольких платформ!
2025-12-16 01:22:40,288 - MusicBot - INFO - 📥 Запрос от 1362537530: https://on.soundcloud.com/ynLrtaxEgrdSCnzhSl
2025-12-16 01:22:40,288 - MusicBot - INFO - 📥 Начинаю скачивание: https://on.soundcloud.com/ynLrtaxEgrdSCnzhSl
2025-12-16 01:23:01,988 - MusicBot - ERROR - Ошибка при скачивании: [0;31mERROR:[0m [generic] Unable to download webpage: HTTPSConnectionPool(host='soundcloud.com', port=443): Read timed out. (read timeout=20.0) (caused by TransportError("HTTPSConnectionPool(host='soundcloud.com', port=443): Read timed out. (read timeout=20.0)"))
2025-12-16 01:23:01,989 - MusicBot - ERROR - Ошибка yt-dlp: [0;31mERROR:[0m [generic] Unable to download webpage: HTTPSConnectionPool(host='soundcloud.com', port=443): Read timed out. (read timeout=20.0) (caused by TransportError("HTTPSConnectionPool(host='soundcloud.com', port=443): Read timed out. (read timeout=20.0)"))
2025-12-16 01:29:34,616 - TeleBot - ERROR - Infinity polling exception: HTTPSConnectionPool(host='api.telegram.org', port=443): Max retries exceeded with url: /bot8024124421:AAHt0KvhPObxMu0uhOJWtGozSTy7AwD8DIo/getUpdates?offset=395653905&timeout=10 (Caused by ProxyError('Unable to connect to proxy', RemoteDisconnected('Remote end closed connection without response')))
2025-12-16 01:29:34,622 - TeleBot - ERROR - Exception traceback:
Traceback (most recent call last):
  File "C:\Users\veny9\AppData\Local\Programs\Python\Python313\Lib\site-packages\urllib3\connectionpool.py", line 787, in urlopen
    response = self._make_request(
        conn,
    ...<10 lines>...
        **response_kw,
    )
  File "C:\Users\veny9\AppData\Local\Programs\Python\Python313\Lib\site-packages\urllib3\connectionpool.py", line 534, in _make_request
    response = conn.getresponse()
  File "C:\Users\veny9\AppData\Local\Programs\Python\Python313\Lib\site-packages\urllib3\connection.py", line 565, in getresponse
    httplib_response = super().getresponse()
  File "C:\Users\veny9\AppData\Local\Programs\Python\Python313\Lib\http\client.py", line 1430, in getresponse
    response.begin()
    ~~~~~~~~~~~~~~^^
  File "C:\Users\veny9\AppData\Local\Programs\Python\Python313\Lib\http\client.py", line 331, in begin
    version, status, reason = self._read_status()
                              ~~~~~~~~~~~~~~~~~^^
  File "C:\Users\veny9\AppData\Local\Programs\Python\Python313\Lib\http\client.py", line 300, in _read_status
    raise RemoteDisconnected("Remote end closed connection without"
                             " response")
http.client.RemoteDisconnected: Remote end closed connection without response

The above exception was the direct cause of the following exception:

urllib3.exceptions.ProxyError: ('Unable to connect to proxy', RemoteDisconnected('Remote end closed connection without response'))

The above exception was the direct cause of the following exception:

Traceback (most recent call last):
  File "C:\Users\veny9\AppData\Local\Programs\Python\Python313\Lib\site-packages\requests\adapters.py", line 644, in send
    resp = conn.urlopen(
        method=request.method,
    ...<9 lines>...
        chunked=chunked,
    )
  File "C:\Users\veny9\AppData\Local\Programs\Python\Python313\Lib\site-packages\urllib3\connectionpool.py", line 841, in urlopen
    retries = retries.increment(
        method, url, error=new_e, _pool=self, _stacktrace=sys.exc_info()[2]
    )
  File "C:\Users\veny9\AppData\Local\Programs\Python\Python313\Lib\site-packages\urllib3\util\retry.py", line 519, in increment
    raise MaxRetryError(_pool, url, reason) from reason  # type: ignore[arg-type]
    ^^^^^^^^^^^^^^^^^^^^^^^^^^^^^^^^^^^^^^^^^^^^^^^^^^^
urllib3.exceptions.MaxRetryError: HTTPSConnectionPool(host='api.telegram.org', port=443): Max retries exceeded with url: /bot8024124421:AAHt0KvhPObxMu0uhOJWtGozSTy7AwD8DIo/getUpdates?offset=395653905&timeout=10 (Caused by ProxyError('Unable to connect to proxy', RemoteDisconnected('Remote end closed connection without response')))

During handling of the above exception, another exception occurred:

Traceback (most recent call last):
  File "C:\Users\veny9\AppData\Local\Programs\Python\Python313\Lib\site-packages\telebot\__init__.py", line 955, in infinity_polling
    self.polling(non_stop=True, timeout=timeout, long_polling_timeout=long_polling_timeout,
    ~~~~~~~~~~~~^^^^^^^^^^^^^^^^^^^^^^^^^^^^^^^^^^^^^^^^^^^^^^^^^^^^^^^^^^^^^^^^^^^^^^^^^^^
                 logger_level=logger_level, allowed_updates=allowed_updates, restart_on_change=False,
                 ^^^^^^^^^^^^^^^^^^^^^^^^^^^^^^^^^^^^^^^^^^^^^^^^^^^^^^^^^^^^^^^^^^^^^^^^^^^^^^^^^^^^
                 *args, **kwargs)
                 ^^^^^^^^^^^^^^^^
  File "C:\Users\veny9\AppData\Local\Programs\Python\Python313\Lib\site-packages\telebot\__init__.py", line 1043, in polling
    self.__threaded_polling(non_stop=non_stop, interval=interval, timeout=timeout, long_polling_timeout=long_polling_timeout,
    ~~~~~~~~~~~~~~~~~~~~~~~^^^^^^^^^^^^^^^^^^^^^^^^^^^^^^^^^^^^^^^^^^^^^^^^^^^^^^^^^^^^^^^^^^^^^^^^^^^^^^^^^^^^^^^^^^^^^^^^^^
                            logger_level=logger_level, allowed_updates=allowed_updates)
                            ^^^^^^^^^^^^^^^^^^^^^^^^^^^^^^^^^^^^^^^^^^^^^^^^^^^^^^^^^^^
  File "C:\Users\veny9\AppData\Local\Programs\Python\Python313\Lib\site-packages\telebot\__init__.py", line 1118, in __threaded_polling
    raise e
  File "C:\Users\veny9\AppData\Local\Programs\Python\Python313\Lib\site-packages\telebot\__init__.py", line 1073, in __threaded_polling
    polling_thread.raise_exceptions()
    ~~~~~~~~~~~~~~~~~~~~~~~~~~~~~~~^^
  File "C:\Users\veny9\AppData\Local\Programs\Python\Python313\Lib\site-packages\telebot\util.py", line 108, in raise_exceptions
    raise self.exception_info
  File "C:\Users\veny9\AppData\Local\Programs\Python\Python313\Lib\site-packages\telebot\util.py", line 90, in run
    task(*args, **kwargs)
    ~~~~^^^^^^^^^^^^^^^^^
  File "C:\Users\veny9\AppData\Local\Programs\Python\Python313\Lib\site-packages\telebot\__init__.py", line 649, in __retrieve_updates
    updates = self.get_updates(offset=(self.last_update_id + 1),
                               allowed_updates=allowed_updates,
                               timeout=timeout, long_polling_timeout=long_polling_timeout)
  File "C:\Users\veny9\AppData\Local\Programs\Python\Python313\Lib\site-packages\telebot\__init__.py", line 623, in get_updates
    json_updates = apihelper.get_updates(self.token, offset, limit, timeout, allowed_updates, long_polling_timeout)
  File "C:\Users\veny9\AppData\Local\Programs\Python\Python313\Lib\site-packages\telebot\apihelper.py", line 321, in get_updates
    return _make_request(token, method_url, params=payload)
  File "C:\Users\veny9\AppData\Local\Programs\Python\Python313\Lib\site-packages\telebot\apihelper.py", line 156, in _make_request
    result = _get_req_session().request(
        method, request_url, params=params, files=files,
        timeout=(connect_timeout, read_timeout), proxies=proxy)
  File "C:\Users\veny9\AppData\Local\Programs\Python\Python313\Lib\site-packages\requests\sessions.py", line 589, in request
    resp = self.send(prep, **send_kwargs)
  File "C:\Users\veny9\AppData\Local\Programs\Python\Python313\Lib\site-packages\requests\sessions.py", line 703, in send
    r = adapter.send(request, **kwargs)
  File "C:\Users\veny9\AppData\Local\Programs\Python\Python313\Lib\site-packages\requests\adapters.py", line 671, in send
    raise ProxyError(e, request=request)
requests.exceptions.ProxyError: HTTPSConnectionPool(host='api.telegram.org', port=443): Max retries exceeded with url: /bot8024124421:AAHt0KvhPObxMu0uhOJWtGozSTy7AwD8DIo/getUpdates?offset=395653905&timeout=10 (Caused by ProxyError('Unable to connect to proxy', RemoteDisconnected('Remote end closed connection without response')))

2025-12-16 01:40:00,135 - TeleBot - ERROR - Infinity polling: polling exited
2025-12-16 01:40:00,135 - TeleBot - ERROR - Break infinity polling
2025-12-16 01:40:14,280 - MusicBot - INFO - 🚀 Бот запущен с поддержкой нескольких платформ!
2025-12-16 01:40:29,347 - MusicBot - INFO - 📥 Запрос от 1362537530: https://soundcloud.com/ncs/ncs-dance-monkey
2025-12-16 01:40:29,348 - MusicBot - INFO - 📥 Начинаю скачивание: https://soundcloud.com/ncs/ncs-dance-monkey
2025-12-16 01:40:33,616 - MusicBot - ERROR - Ошибка при скачивании: [0;31mERROR:[0m [soundcloud] Unable to download JSON metadata: HTTP Error 404: Not Found (caused by <HTTPError 404: Not Found>)
2025-12-16 01:40:33,616 - MusicBot - ERROR - Ошибка yt-dlp: [0;31mERROR:[0m [soundcloud] Unable to download JSON metadata: HTTP Error 404: Not Found (caused by <HTTPError 404: Not Found>)
2025-12-16 01:40:43,777 - MusicBot - INFO - 📥 Запрос от 1362537530: https://soundcloud.com/ncs/ncs-dance-monkey
2025-12-16 01:40:43,778 - MusicBot - INFO - 📥 Начинаю скачивание: https://soundcloud.com/ncs/ncs-dance-monkey
2025-12-16 01:40:44,705 - MusicBot - ERROR - Ошибка при скачивании: [0;31mERROR:[0m [soundcloud] Unable to download JSON metadata: HTTP Error 404: Not Found (caused by <HTTPError 404: Not Found>)
2025-12-16 01:40:44,705 - MusicBot - ERROR - Ошибка yt-dlp: [0;31mERROR:[0m [soundcloud] Unable to download JSON metadata: HTTP Error 404: Not Found (caused by <HTTPError 404: Not Found>)
2025-12-16 01:41:00,222 - MusicBot - INFO - 📥 Запрос от 1362537530: https://musicsack.bandcamp.com/track/sunrise
2025-12-16 01:41:00,222 - MusicBot - INFO - 📥 Начинаю скачивание: https://musicsack.bandcamp.com/track/sunrise
2025-12-16 01:41:01,519 - MusicBot - ERROR - Ошибка при скачивании: [0;31mERROR:[0m [Bandcamp] sunrise: Unable to download webpage: HTTP Error 404: Not Found (caused by <HTTPError 404: Not Found>)
2025-12-16 01:41:01,520 - MusicBot - ERROR - Ошибка yt-dlp: [0;31mERROR:[0m [Bandcamp] sunrise: Unable to download webpage: HTTP Error 404: Not Found (caused by <HTTPError 404: Not Found>)
2025-12-16 01:41:19,622 - MusicBot - INFO - 📥 Запрос от 1362537530: https://archive.org/details/MLKDream
2025-12-16 01:41:19,623 - MusicBot - INFO - 📥 Начинаю скачивание: https://archive.org/details/MLKDream
2025-12-16 01:41:38,859 - MusicBot - INFO - ✅ Аудио успешно скачано: C:\Users\veny9\OneDrive\Рабочий стол\test\downloads\tmpmcni_ubd\I Have a Dream, Martin Luther King Jr..mp3
2025-12-16 01:41:44,721 - MusicBot - INFO - 📤 Отправлен MP3 пользователю 1362537530
2025-12-16 01:41:44,724 - MusicBot - INFO - 🧹 Удалены временные файлы: C:\Users\veny9\OneDrive\Рабочий стол\test\downloads\tmpmcni_ubd
2025-12-16 01:41:58,724 - TeleBot - ERROR - Infinity polling: polling exited
2025-12-16 01:41:58,724 - TeleBot - ERROR - Break infinity polling
2025-12-16 01:46:13,067 - MusicBot - INFO - 🚀 Бот запущен с поддержкой нескольких платформ!
2025-12-16 01:46:25,305 - MusicBot - INFO - 📥 Запрос от 1362537530: https://soundcloud.com/nocopyrightsounds/cartoon-on-on-feat-daniel-levi
2025-12-16 01:46:25,305 - MusicBot - INFO - 📥 Начинаю скачивание: https://soundcloud.com/nocopyrightsounds/cartoon-on-on-feat-daniel-levi
2025-12-16 01:46:26,577 - MusicBot - ERROR - Ошибка при скачивании: [0;31mERROR:[0m [soundcloud] Unable to download JSON metadata: HTTP Error 404: Not Found (caused by <HTTPError 404: Not Found>)
2025-12-16 01:46:26,578 - MusicBot - ERROR - Ошибка yt-dlp: [0;31mERROR:[0m [soundcloud] Unable to download JSON metadata: HTTP Error 404: Not Found (caused by <HTTPError 404: Not Found>)
2025-12-16 01:46:39,337 - MusicBot - INFO - 📥 Запрос от 1362537530: https://soundcloud.com/nocopyrightsounds/cartoon-on-on-feat-daniel-levi
2025-12-16 01:46:39,337 - MusicBot - INFO - 📥 Начинаю скачивание: https://soundcloud.com/nocopyrightsounds/cartoon-on-on-feat-daniel-levi
2025-12-16 01:46:40,446 - MusicBot - ERROR - Ошибка при скачивании: [0;31mERROR:[0m [soundcloud] Unable to download JSON metadata: HTTP Error 404: Not Found (caused by <HTTPError 404: Not Found>)
2025-12-16 01:46:40,446 - MusicBot - ERROR - Ошибка yt-dlp: [0;31mERROR:[0m [soundcloud] Unable to download JSON metadata: HTTP Error 404: Not Found (caused by <HTTPError 404: Not Found>)
2025-12-16 01:46:52,508 - MusicBot - INFO - 📥 Запрос от 1362537530: https://aurelmusic.bandcamp.com/track/sunny-morning
2025-12-16 01:46:52,508 - MusicBot - INFO - 📥 Начинаю скачивание: https://aurelmusic.bandcamp.com/track/sunny-morning
2025-12-16 01:46:53,867 - MusicBot - ERROR - Ошибка при скачивании: [0;31mERROR:[0m [Bandcamp] sunny-morning: Unable to download webpage: HTTP Error 404: Not Found (caused by <HTTPError 404: Not Found>)
2025-12-16 01:46:53,867 - MusicBot - ERROR - Ошибка yt-dlp: [0;31mERROR:[0m [Bandcamp] sunny-morning: Unable to download webpage: HTTP Error 404: Not Found (caused by <HTTPError 404: Not Found>)
2025-12-16 01:47:07,145 - MusicBot - INFO - 📥 Запрос от 1362537530: https://archive.org/details/StephenHawkingTheUniverse
2025-12-16 01:47:07,145 - MusicBot - INFO - 📥 Начинаю скачивание: https://archive.org/details/StephenHawkingTheUniverse
2025-12-16 01:47:11,283 - MusicBot - ERROR - Ошибка при скачивании: [0;31mERROR:[0m [archive.org] StephenHawkingTheUniverse: Unable to download webpage: HTTP Error 404: Not Found (caused by <HTTPError 404: Not Found>)
2025-12-16 01:47:11,284 - MusicBot - ERROR - Ошибка yt-dlp: [0;31mERROR:[0m [archive.org] StephenHawkingTheUniverse: Unable to download webpage: HTTP Error 404: Not Found (caused by <HTTPError 404: Not Found>)
2025-12-16 01:47:27,539 - MusicBot - INFO - 📥 Запрос от 1362537530: https://www.youtube.com/watch?v=J2X5mJ3HDYE
2025-12-16 01:47:27,539 - MusicBot - INFO - 📥 Начинаю скачивание: https://www.youtube.com/watch?v=J2X5mJ3HDYE
2025-12-16 01:47:43,068 - MusicBot - INFO - ✅ Аудио успешно скачано: C:\Users\veny9\OneDrive\Рабочий стол\test\downloads\tmpo3n4fqmk\DEAF KEV - Invincible ｜ Glitch Hop ｜ NCS - Copyright Free Music.mp3
2025-12-16 01:47:50,247 - MusicBot - INFO - 📤 Отправлен MP3 пользователю 1362537530
2025-12-16 01:47:50,249 - MusicBot - INFO - 🧹 Удалены временные файлы: C:\Users\veny9\OneDrive\Рабочий стол\test\downloads\tmpo3n4fqmk
2025-12-16 01:52:08,327 - MusicBot - INFO - 📥 Запрос от 1362537530: https://www.tiktok.com/@tiktok/video/7107512231109840134
2025-12-16 01:52:08,327 - MusicBot - INFO - 📥 Начинаю скачивание: https://www.tiktok.com/@tiktok/video/7107512231109840134
2025-12-16 01:52:10,110 - MusicBot - ERROR - Ошибка при скачивании: [0;31mERROR:[0m [TikTok] 7107512231109840134: Your IP address is blocked from accessing this post
2025-12-16 01:52:10,111 - MusicBot - ERROR - Ошибка yt-dlp: [0;31mERROR:[0m [TikTok] 7107512231109840134: Your IP address is blocked from accessing this post
2025-12-16 01:56:14,813 - MusicBot - INFO - 📥 Запрос от 1362537530: https://archive.org/details/gorillaz_selftiled/Gorillaz+-+Gorillaz/01+-+Re-Hash.flac
2025-12-16 01:56:14,813 - MusicBot - INFO - 📥 Начинаю скачивание: https://archive.org/details/gorillaz_selftiled/Gorillaz+-+Gorillaz/01+-+Re-Hash.flac
2025-12-16 01:56:31,796 - MusicBot - INFO - ✅ Аудио успешно скачано: C:\Users\veny9\OneDrive\Рабочий стол\test\downloads\tmpi16s5w0k\Re-Hash.mp3
2025-12-16 01:56:35,165 - MusicBot - INFO - 📤 Отправлен MP3 пользователю 1362537530
2025-12-16 01:56:35,167 - MusicBot - INFO - 🧹 Удалены временные файлы: C:\Users\veny9\OneDrive\Рабочий стол\test\downloads\tmpi16s5w0k
2025-12-16 01:57:43,698 - MusicBot - INFO - 📥 Запрос от 1362537530: https://soundcloud.com/sakura97fati/on-on-cartoon?utm_source=clipboard&utm_medium=text&utm_campaign=social_sharing
2025-12-16 01:57:43,698 - MusicBot - INFO - 📥 Начинаю скачивание: https://soundcloud.com/sakura97fati/on-on-cartoon?utm_source=clipboard&utm_medium=text&utm_campaign=social_sharing
2025-12-16 01:58:01,601 - MusicBot - INFO - ✅ Аудио успешно скачано: C:\Users\veny9\OneDrive\Рабочий стол\test\downloads\tmp_e548x3q\On & On _ Cartoon.mp3
2025-12-16 01:58:03,256 - MusicBot - INFO - 📤 Отправлен MP3 пользователю 1362537530
2025-12-16 01:58:03,257 - MusicBot - INFO - 🧹 Удалены временные файлы: C:\Users\veny9\OneDrive\Рабочий стол\test\downloads\tmp_e548x3q
2025-12-16 01:59:35,910 - MusicBot - INFO - 📥 Запрос от 1362537530: https://freemusicarchive.org/music/The_Duo/Good_VS_Evil/09_The_Duo_-_Radio_Head/
2025-12-16 01:59:35,911 - MusicBot - INFO - 📥 Начинаю скачивание: https://freemusicarchive.org/music/The_Duo/Good_VS_Evil/09_The_Duo_-_Radio_Head/
2025-12-16 01:59:38,711 - MusicBot - ERROR - Ошибка при скачивании: [0;31mERROR:[0m Unsupported URL: https://freemusicarchive.org/music/The_Duo/Good_VS_Evil/09_The_Duo_-_Radio_Head/
2025-12-16 01:59:38,712 - MusicBot - ERROR - Ошибка yt-dlp: [0;31mERROR:[0m Unsupported URL: https://freemusicarchive.org/music/The_Duo/Good_VS_Evil/09_The_Duo_-_Radio_Head/
2025-12-16 02:00:19,026 - TeleBot - ERROR - Infinity polling: polling exited
2025-12-16 02:00:19,027 - TeleBot - ERROR - Break infinity polling
2025-12-16 02:25:01,021 - MusicBot - INFO - 🚀 Бот запущен с поддержкой нескольких платформ!
2025-12-16 02:25:56,464 - MusicBot - INFO - 📥 Запрос от 1362537530: https://peertube.tv/videos/watch/2d2e8c5f-1e9a-4b1a-8f1e-1e9a4b1a8f1e
2025-12-16 02:25:56,464 - MusicBot - INFO - 📥 Начинаю скачивание: https://peertube.tv/videos/watch/2d2e8c5f-1e9a-4b1a-8f1e-1e9a4b1a8f1e
2025-12-16 02:25:56,556 - MusicBot - INFO - 📥 Запрос от 1362537530: https://peertube.tv/videos/watch/2d2e8c5f-1e9a-4b1a-8f1e-1e9a4b1a8f1e
2025-12-16 02:25:56,556 - MusicBot - INFO - 📥 Начинаю скачивание: https://peertube.tv/videos/watch/2d2e8c5f-1e9a-4b1a-8f1e-1e9a4b1a8f1e
2025-12-16 02:25:57,681 - MusicBot - ERROR - Ошибка при скачивании: [0;31mERROR:[0m [PeerTube] 2d2e8c5f-1e9a-4b1a-8f1e-1e9a4b1a8f1e: Unable to download webpage: HTTP Error 404: Not Found (caused by <HTTPError 404: Not Found>)
2025-12-16 02:25:57,681 - MusicBot - ERROR - Ошибка при скачивании: [0;31mERROR:[0m [PeerTube] 2d2e8c5f-1e9a-4b1a-8f1e-1e9a4b1a8f1e: Unable to download webpage: HTTP Error 404: Not Found (caused by <HTTPError 404: Not Found>)
2025-12-16 02:25:57,681 - MusicBot - ERROR - Ошибка yt-dlp: [0;31mERROR:[0m [PeerTube] 2d2e8c5f-1e9a-4b1a-8f1e-1e9a4b1a8f1e: Unable to download webpage: HTTP Error 404: Not Found (caused by <HTTPError 404: Not Found>)
2025-12-16 02:25:57,681 - MusicBot - ERROR - Ошибка yt-dlp: [0;31mERROR:[0m [PeerTube] 2d2e8c5f-1e9a-4b1a-8f1e-1e9a4b1a8f1e: Unable to download webpage: HTTP Error 404: Not Found (caused by <HTTPError 404: Not Found>)
2025-12-16 02:26:04,340 - MusicBot - INFO - 📥 Запрос от 1362537530: https://peertube.tv/videos/watch/2d2e8c5f-1e9a-4b1a-8f1e-1e9a4b1a8f1e
2025-12-16 02:26:04,340 - MusicBot - INFO - 📥 Начинаю скачивание: https://peertube.tv/videos/watch/2d2e8c5f-1e9a-4b1a-8f1e-1e9a4b1a8f1e
2025-12-16 02:26:05,695 - MusicBot - ERROR - Ошибка при скачивании: [0;31mERROR:[0m [PeerTube] 2d2e8c5f-1e9a-4b1a-8f1e-1e9a4b1a8f1e: Unable to download webpage: HTTP Error 404: Not Found (caused by <HTTPError 404: Not Found>)
2025-12-16 02:26:05,695 - MusicBot - ERROR - Ошибка yt-dlp: [0;31mERROR:[0m [PeerTube] 2d2e8c5f-1e9a-4b1a-8f1e-1e9a4b1a8f1e: Unable to download webpage: HTTP Error 404: Not Found (caused by <HTTPError 404: Not Found>)
2025-12-16 02:26:17,278 - MusicBot - INFO - 📥 Запрос от 1362537530: https://odysee.com/@FreeMusicArchive:1/Free-Music-Track:1
2025-12-16 02:26:17,278 - MusicBot - INFO - 📥 Начинаю скачивание: https://odysee.com/@FreeMusicArchive:1/Free-Music-Track:1
2025-12-16 02:26:18,506 - MusicBot - ERROR - Ошибка при скачивании: [0;31mERROR:[0m Unsupported URL: https://odysee.com/@FreeMusicArchive:1/Free-Music-Track:1
2025-12-16 02:26:18,506 - MusicBot - ERROR - Ошибка yt-dlp: [0;31mERROR:[0m Unsupported URL: https://odysee.com/@FreeMusicArchive:1/Free-Music-Track:1
2025-12-16 02:26:26,780 - MusicBot - INFO - 📥 Запрос от 1362537530: https://vimeo.com/146396352
2025-12-16 02:26:26,780 - MusicBot - INFO - 📥 Начинаю скачивание: https://vimeo.com/146396352
2025-12-16 02:26:28,200 - MusicBot - ERROR - Ошибка при скачивании: [0;31mERROR:[0m [vimeo] 146396352: The web client only works when logged-in. Use --cookies, --cookies-from-browser, --username and --password, --netrc-cmd, or --netrc (vimeo) to provide account credentials. See  https://github.com/yt-dlp/yt-dlp/wiki/FAQ#how-do-i-pass-cookies-to-yt-dlp  for how to manually pass cookies
2025-12-16 02:26:28,200 - MusicBot - ERROR - Ошибка yt-dlp: [0;31mERROR:[0m [vimeo] 146396352: The web client only works when logged-in. Use --cookies, --cookies-from-browser, --username and --password, --netrc-cmd, or --netrc (vimeo) to provide account credentials. See  https://github.com/yt-dlp/yt-dlp/wiki/FAQ#how-do-i-pass-cookies-to-yt-dlp  for how to manually pass cookies
2025-12-16 02:27:02,987 - TeleBot - ERROR - Infinity polling: polling exited
2025-12-16 02:27:02,988 - TeleBot - ERROR - Break infinity polling
2025-12-16 02:27:10,099 - MusicBot - INFO - 🚀 Бот запущен с поддержкой нескольких платформ!
2025-12-16 02:27:35,318 - MusicBot - INFO - 📥 Запрос от 1362537530: https://www.youtube.com/watch?v=ASRPFiU849g
2025-12-16 02:27:35,319 - MusicBot - INFO - 📥 Начинаю скачивание: https://www.youtube.com/watch?v=ASRPFiU849g
2025-12-16 02:28:03,939 - MusicBot - ERROR - Ошибка при скачивании: [0;31mERROR:[0m [download] Got error: HTTPSConnectionPool(host='rr5---sn-pivhx-n8v6.googlevideo.com', port=443): Read timed out. (read timeout=20.0)
2025-12-16 02:28:03,939 - MusicBot - ERROR - Ошибка yt-dlp: [0;31mERROR:[0m [download] Got error: HTTPSConnectionPool(host='rr5---sn-pivhx-n8v6.googlevideo.com', port=443): Read timed out. (read timeout=20.0)
2025-12-16 02:28:15,108 - TeleBot - ERROR - Infinity polling: polling exited
2025-12-16 02:28:15,109 - TeleBot - ERROR - Break infinity polling
2025-12-16 02:28:46,552 - MusicBot - INFO - 🚀 Бот запущен с поддержкой нескольких платформ!
2025-12-16 02:29:03,954 - MusicBot - INFO - 📥 Запрос от 1362537530: https://www.youtube.com/watch?v=aqxWUhFQWD4
2025-12-16 02:29:03,954 - MusicBot - INFO - 📥 Начинаю скачивание: https://www.youtube.com/watch?v=aqxWUhFQWD4
2025-12-16 02:29:31,386 - MusicBot - ERROR - Ошибка при скачивании: [0;31mERROR:[0m [download] Got error: HTTPSConnectionPool(host='rr3---sn-pivhx-n8vs.googlevideo.com', port=443): Read timed out. (read timeout=20.0)
2025-12-16 02:29:31,386 - MusicBot - ERROR - Ошибка yt-dlp: [0;31mERROR:[0m [download] Got error: HTTPSConnectionPool(host='rr3---sn-pivhx-n8vs.googlevideo.com', port=443): Read timed out. (read timeout=20.0)
2025-12-16 02:29:45,765 - MusicBot - INFO - 📥 Запрос от 1362537530: https://www.youtube.com/watch?v=y2u_-QomGXU
2025-12-16 02:29:45,765 - MusicBot - INFO - 📥 Начинаю скачивание: https://www.youtube.com/watch?v=y2u_-QomGXU
2025-12-16 02:30:13,844 - MusicBot - ERROR - Ошибка при скачивании: [0;31mERROR:[0m [download] Got error: HTTPSConnectionPool(host='rr1---sn-pivhx-n8v6.googlevideo.com', port=443): Read timed out. (read timeout=20.0)
2025-12-16 02:30:13,844 - MusicBot - ERROR - Ошибка yt-dlp: [0;31mERROR:[0m [download] Got error: HTTPSConnectionPool(host='rr1---sn-pivhx-n8v6.googlevideo.com', port=443): Read timed out. (read timeout=20.0)
2025-12-16 02:30:38,560 - MusicBot - INFO - 📥 Запрос от 1362537530: https://www.youtube.com/watch?v=U_YxUF60_OA
2025-12-16 02:30:38,560 - MusicBot - INFO - 📥 Начинаю скачивание: https://www.youtube.com/watch?v=U_YxUF60_OA
2025-12-16 02:31:05,623 - MusicBot - ERROR - Ошибка при скачивании: [0;31mERROR:[0m [download] Got error: HTTPSConnectionPool(host='rr3---sn-pivhx-n8vs.googlevideo.com', port=443): Read timed out. (read timeout=20.0)
2025-12-16 02:31:05,624 - MusicBot - ERROR - Ошибка yt-dlp: [0;31mERROR:[0m [download] Got error: HTTPSConnectionPool(host='rr3---sn-pivhx-n8vs.googlevideo.com', port=443): Read timed out. (read timeout=20.0)
2025-12-16 02:31:12,763 - TeleBot - ERROR - Infinity polling exception: HTTPSConnectionPool(host='api.telegram.org', port=443): Max retries exceeded with url: /bot8024124421:AAHt0KvhPObxMu0uhOJWtGozSTy7AwD8DIo/getUpdates?offset=395653927&timeout=10 (Caused by ProxyError('Unable to connect to proxy', RemoteDisconnected('Remote end closed connection without response')))
2025-12-16 02:31:12,772 - TeleBot - ERROR - Exception traceback:
Traceback (most recent call last):
  File "C:\Users\veny9\AppData\Local\Programs\Python\Python313\Lib\site-packages\urllib3\connectionpool.py", line 787, in urlopen
    response = self._make_request(
        conn,
    ...<10 lines>...
        **response_kw,
    )
  File "C:\Users\veny9\AppData\Local\Programs\Python\Python313\Lib\site-packages\urllib3\connectionpool.py", line 534, in _make_request
    response = conn.getresponse()
  File "C:\Users\veny9\AppData\Local\Programs\Python\Python313\Lib\site-packages\urllib3\connection.py", line 565, in getresponse
    httplib_response = super().getresponse()
  File "C:\Users\veny9\AppData\Local\Programs\Python\Python313\Lib\http\client.py", line 1430, in getresponse
    response.begin()
    ~~~~~~~~~~~~~~^^
  File "C:\Users\veny9\AppData\Local\Programs\Python\Python313\Lib\http\client.py", line 331, in begin
    version, status, reason = self._read_status()
                              ~~~~~~~~~~~~~~~~~^^
  File "C:\Users\veny9\AppData\Local\Programs\Python\Python313\Lib\http\client.py", line 300, in _read_status
    raise RemoteDisconnected("Remote end closed connection without"
                             " response")
http.client.RemoteDisconnected: Remote end closed connection without response

The above exception was the direct cause of the following exception:

urllib3.exceptions.ProxyError: ('Unable to connect to proxy', RemoteDisconnected('Remote end closed connection without response'))

The above exception was the direct cause of the following exception:

Traceback (most recent call last):
  File "C:\Users\veny9\AppData\Local\Programs\Python\Python313\Lib\site-packages\requests\adapters.py", line 644, in send
    resp = conn.urlopen(
        method=request.method,
    ...<9 lines>...
        chunked=chunked,
    )
  File "C:\Users\veny9\AppData\Local\Programs\Python\Python313\Lib\site-packages\urllib3\connectionpool.py", line 841, in urlopen
    retries = retries.increment(
        method, url, error=new_e, _pool=self, _stacktrace=sys.exc_info()[2]
    )
  File "C:\Users\veny9\AppData\Local\Programs\Python\Python313\Lib\site-packages\urllib3\util\retry.py", line 519, in increment
    raise MaxRetryError(_pool, url, reason) from reason  # type: ignore[arg-type]
    ^^^^^^^^^^^^^^^^^^^^^^^^^^^^^^^^^^^^^^^^^^^^^^^^^^^
urllib3.exceptions.MaxRetryError: HTTPSConnectionPool(host='api.telegram.org', port=443): Max retries exceeded with url: /bot8024124421:AAHt0KvhPObxMu0uhOJWtGozSTy7AwD8DIo/getUpdates?offset=395653927&timeout=10 (Caused by ProxyError('Unable to connect to proxy', RemoteDisconnected('Remote end closed connection without response')))

During handling of the above exception, another exception occurred:

Traceback (most recent call last):
  File "C:\Users\veny9\AppData\Local\Programs\Python\Python313\Lib\site-packages\telebot\__init__.py", line 955, in infinity_polling
    self.polling(non_stop=True, timeout=timeout, long_polling_timeout=long_polling_timeout,
    ~~~~~~~~~~~~^^^^^^^^^^^^^^^^^^^^^^^^^^^^^^^^^^^^^^^^^^^^^^^^^^^^^^^^^^^^^^^^^^^^^^^^^^^
                 logger_level=logger_level, allowed_updates=allowed_updates, restart_on_change=False,
                 ^^^^^^^^^^^^^^^^^^^^^^^^^^^^^^^^^^^^^^^^^^^^^^^^^^^^^^^^^^^^^^^^^^^^^^^^^^^^^^^^^^^^
                 *args, **kwargs)
                 ^^^^^^^^^^^^^^^^
  File "C:\Users\veny9\AppData\Local\Programs\Python\Python313\Lib\site-packages\telebot\__init__.py", line 1043, in polling
    self.__threaded_polling(non_stop=non_stop, interval=interval, timeout=timeout, long_polling_timeout=long_polling_timeout,
    ~~~~~~~~~~~~~~~~~~~~~~~^^^^^^^^^^^^^^^^^^^^^^^^^^^^^^^^^^^^^^^^^^^^^^^^^^^^^^^^^^^^^^^^^^^^^^^^^^^^^^^^^^^^^^^^^^^^^^^^^^
                            logger_level=logger_level, allowed_updates=allowed_updates)
                            ^^^^^^^^^^^^^^^^^^^^^^^^^^^^^^^^^^^^^^^^^^^^^^^^^^^^^^^^^^^
  File "C:\Users\veny9\AppData\Local\Programs\Python\Python313\Lib\site-packages\telebot\__init__.py", line 1118, in __threaded_polling
    raise e
  File "C:\Users\veny9\AppData\Local\Programs\Python\Python313\Lib\site-packages\telebot\__init__.py", line 1073, in __threaded_polling
    polling_thread.raise_exceptions()
    ~~~~~~~~~~~~~~~~~~~~~~~~~~~~~~~^^
  File "C:\Users\veny9\AppData\Local\Programs\Python\Python313\Lib\site-packages\telebot\util.py", line 108, in raise_exceptions
    raise self.exception_info
  File "C:\Users\veny9\AppData\Local\Programs\Python\Python313\Lib\site-packages\telebot\util.py", line 90, in run
    task(*args, **kwargs)
    ~~~~^^^^^^^^^^^^^^^^^
  File "C:\Users\veny9\AppData\Local\Programs\Python\Python313\Lib\site-packages\telebot\__init__.py", line 649, in __retrieve_updates
    updates = self.get_updates(offset=(self.last_update_id + 1),
                               allowed_updates=allowed_updates,
                               timeout=timeout, long_polling_timeout=long_polling_timeout)
  File "C:\Users\veny9\AppData\Local\Programs\Python\Python313\Lib\site-packages\telebot\__init__.py", line 623, in get_updates
    json_updates = apihelper.get_updates(self.token, offset, limit, timeout, allowed_updates, long_polling_timeout)
  File "C:\Users\veny9\AppData\Local\Programs\Python\Python313\Lib\site-packages\telebot\apihelper.py", line 321, in get_updates
    return _make_request(token, method_url, params=payload)
  File "C:\Users\veny9\AppData\Local\Programs\Python\Python313\Lib\site-packages\telebot\apihelper.py", line 156, in _make_request
    result = _get_req_session().request(
        method, request_url, params=params, files=files,
        timeout=(connect_timeout, read_timeout), proxies=proxy)
  File "C:\Users\veny9\AppData\Local\Programs\Python\Python313\Lib\site-packages\requests\sessions.py", line 589, in request
    resp = self.send(prep, **send_kwargs)
  File "C:\Users\veny9\AppData\Local\Programs\Python\Python313\Lib\site-packages\requests\sessions.py", line 703, in send
    r = adapter.send(request, **kwargs)
  File "C:\Users\veny9\AppData\Local\Programs\Python\Python313\Lib\site-packages\requests\adapters.py", line 671, in send
    raise ProxyError(e, request=request)
requests.exceptions.ProxyError: HTTPSConnectionPool(host='api.telegram.org', port=443): Max retries exceeded with url: /bot8024124421:AAHt0KvhPObxMu0uhOJWtGozSTy7AwD8DIo/getUpdates?offset=395653927&timeout=10 (Caused by ProxyError('Unable to connect to proxy', RemoteDisconnected('Remote end closed connection without response')))

2025-12-16 02:31:31,926 - MusicBot - INFO - 📥 Запрос от 1362537530: https://www.youtube.com/watch?v=U_YxUF60_OA
2025-12-16 02:31:31,927 - MusicBot - INFO - 📥 Начинаю скачивание: https://www.youtube.com/watch?v=U_YxUF60_OA
2025-12-16 02:31:37,142 - MusicBot - ERROR - Ошибка при скачивании: [0;31mERROR:[0m [youtube] U_YxUF60_OA: Unable to download API page: <urllib3.connection.HTTPSConnection object at 0x00000227363EA990>: Failed to resolve 'www.youtube.com' ([Errno 11001] getaddrinfo failed) (caused by TransportError("<urllib3.connection.HTTPSConnection object at 0x00000227363EA990>: Failed to resolve 'www.youtube.com' ([Errno 11001] getaddrinfo failed)"))
2025-12-16 02:31:37,143 - MusicBot - ERROR - Ошибка yt-dlp: [0;31mERROR:[0m [youtube] U_YxUF60_OA: Unable to download API page: <urllib3.connection.HTTPSConnection object at 0x00000227363EA990>: Failed to resolve 'www.youtube.com' ([Errno 11001] getaddrinfo failed) (caused by TransportError("<urllib3.connection.HTTPSConnection object at 0x00000227363EA990>: Failed to resolve 'www.youtube.com' ([Errno 11001] getaddrinfo failed)"))
2025-12-16 02:32:04,030 - MusicBot - INFO - 📥 Запрос от 1362537530: https://www.youtube.com/watch?v=DTbe65nl0fU
2025-12-16 02:32:04,030 - MusicBot - INFO - 📥 Начинаю скачивание: https://www.youtube.com/watch?v=DTbe65nl0fU
2025-12-16 02:32:09,301 - MusicBot - ERROR - Ошибка при скачивании: [0;31mERROR:[0m [youtube] DTbe65nl0fU: Unable to download API page: <urllib3.connection.HTTPSConnection object at 0x00000227363E9BD0>: Failed to resolve 'www.youtube.com' ([Errno 11001] getaddrinfo failed) (caused by TransportError("<urllib3.connection.HTTPSConnection object at 0x00000227363E9BD0>: Failed to resolve 'www.youtube.com' ([Errno 11001] getaddrinfo failed)"))
2025-12-16 02:32:09,302 - MusicBot - ERROR - Ошибка yt-dlp: [0;31mERROR:[0m [youtube] DTbe65nl0fU: Unable to download API page: <urllib3.connection.HTTPSConnection object at 0x00000227363E9BD0>: Failed to resolve 'www.youtube.com' ([Errno 11001] getaddrinfo failed) (caused by TransportError("<urllib3.connection.HTTPSConnection object at 0x00000227363E9BD0>: Failed to resolve 'www.youtube.com' ([Errno 11001] getaddrinfo failed)"))
2025-12-16 02:36:24,230 - TeleBot - ERROR - Infinity polling: polling exited
2025-12-16 02:36:24,231 - TeleBot - ERROR - Break infinity polling
2025-12-16 02:45:25,448 - MusicBot - INFO - 🚀 Бот запущен с поддержкой нескольких платформ и прокси!
2025-12-16 02:45:25,448 - MusicBot - INFO - 🌐 Используется прокси: http://185.242.5.44:8000
2025-12-16 02:45:25,448 - MusicBot - INFO - 🎯 Поддерживаемые домены: youtube.com, youtu.be, archive.org, peertube.tv, peertube.host, odysee.com, lbry.tv, tiktok.com
2025-12-16 02:45:40,451 - TeleBot - ERROR - Infinity polling exception: HTTPSConnectionPool(host='api.telegram.org', port=443): Max retries exceeded with url: /bot8024124421:AAHt0KvhPObxMu0uhOJWtGozSTy7AwD8DIo/getMe (Caused by ProxyError('Unable to connect to proxy', ConnectTimeoutError(<urllib3.connection.HTTPSConnection object at 0x0000023C21023380>, 'Connection to 185.242.5.44 timed out. (connect timeout=15)')))
2025-12-16 02:45:40,459 - TeleBot - ERROR - Exception traceback:
Traceback (most recent call last):
  File "C:\Users\veny9\AppData\Local\Programs\Python\Python313\Lib\site-packages\urllib3\connection.py", line 198, in _new_conn
    sock = connection.create_connection(
        (self._dns_host, self.port),
    ...<2 lines>...
        socket_options=self.socket_options,
    )
  File "C:\Users\veny9\AppData\Local\Programs\Python\Python313\Lib\site-packages\urllib3\util\connection.py", line 85, in create_connection
    raise err
  File "C:\Users\veny9\AppData\Local\Programs\Python\Python313\Lib\site-packages\urllib3\util\connection.py", line 73, in create_connection
    sock.connect(sa)
    ~~~~~~~~~~~~^^^^
TimeoutError: timed out

The above exception was the direct cause of the following exception:

Traceback (most recent call last):
  File "C:\Users\veny9\AppData\Local\Programs\Python\Python313\Lib\site-packages\urllib3\connectionpool.py", line 773, in urlopen
    self._prepare_proxy(conn)
    ~~~~~~~~~~~~~~~~~~~^^^^^^
  File "C:\Users\veny9\AppData\Local\Programs\Python\Python313\Lib\site-packages\urllib3\connectionpool.py", line 1042, in _prepare_proxy
    conn.connect()
    ~~~~~~~~~~~~^^
  File "C:\Users\veny9\AppData\Local\Programs\Python\Python313\Lib\site-packages\urllib3\connection.py", line 753, in connect
    self.sock = sock = self._new_conn()
                       ~~~~~~~~~~~~~~^^
  File "C:\Users\veny9\AppData\Local\Programs\Python\Python313\Lib\site-packages\urllib3\connection.py", line 207, in _new_conn
    raise ConnectTimeoutError(
    ...<2 lines>...
    ) from e
urllib3.exceptions.ConnectTimeoutError: (<urllib3.connection.HTTPSConnection object at 0x0000023C21023380>, 'Connection to 185.242.5.44 timed out. (connect timeout=15)')

The above exception was the direct cause of the following exception:

urllib3.exceptions.ProxyError: ('Unable to connect to proxy', ConnectTimeoutError(<urllib3.connection.HTTPSConnection object at 0x0000023C21023380>, 'Connection to 185.242.5.44 timed out. (connect timeout=15)'))

The above exception was the direct cause of the following exception:

Traceback (most recent call last):
  File "C:\Users\veny9\AppData\Local\Programs\Python\Python313\Lib\site-packages\requests\adapters.py", line 644, in send
    resp = conn.urlopen(
        method=request.method,
    ...<9 lines>...
        chunked=chunked,
    )
  File "C:\Users\veny9\AppData\Local\Programs\Python\Python313\Lib\site-packages\urllib3\connectionpool.py", line 841, in urlopen
    retries = retries.increment(
        method, url, error=new_e, _pool=self, _stacktrace=sys.exc_info()[2]
    )
  File "C:\Users\veny9\AppData\Local\Programs\Python\Python313\Lib\site-packages\urllib3\util\retry.py", line 519, in increment
    raise MaxRetryError(_pool, url, reason) from reason  # type: ignore[arg-type]
    ^^^^^^^^^^^^^^^^^^^^^^^^^^^^^^^^^^^^^^^^^^^^^^^^^^^
urllib3.exceptions.MaxRetryError: HTTPSConnectionPool(host='api.telegram.org', port=443): Max retries exceeded with url: /bot8024124421:AAHt0KvhPObxMu0uhOJWtGozSTy7AwD8DIo/getMe (Caused by ProxyError('Unable to connect to proxy', ConnectTimeoutError(<urllib3.connection.HTTPSConnection object at 0x0000023C21023380>, 'Connection to 185.242.5.44 timed out. (connect timeout=15)')))

During handling of the above exception, another exception occurred:

Traceback (most recent call last):
  File "C:\Users\veny9\AppData\Local\Programs\Python\Python313\Lib\site-packages\telebot\__init__.py", line 955, in infinity_polling
    self.polling(non_stop=True, timeout=timeout, long_polling_timeout=long_polling_timeout,
    ~~~~~~~~~~~~^^^^^^^^^^^^^^^^^^^^^^^^^^^^^^^^^^^^^^^^^^^^^^^^^^^^^^^^^^^^^^^^^^^^^^^^^^^
                 logger_level=logger_level, allowed_updates=allowed_updates, restart_on_change=False,
                 ^^^^^^^^^^^^^^^^^^^^^^^^^^^^^^^^^^^^^^^^^^^^^^^^^^^^^^^^^^^^^^^^^^^^^^^^^^^^^^^^^^^^
                 *args, **kwargs)
                 ^^^^^^^^^^^^^^^^
  File "C:\Users\veny9\AppData\Local\Programs\Python\Python313\Lib\site-packages\telebot\__init__.py", line 1040, in polling
    logger.info('Starting your bot with username: [@%s]', self.user.username)
                                                          ^^^^^^^^^
  File "C:\Users\veny9\AppData\Local\Programs\Python\Python313\Lib\site-packages\telebot\__init__.py", line 273, in user
    self._user = self.get_me()
                 ~~~~~~~~~~~^^
  File "C:\Users\veny9\AppData\Local\Programs\Python\Python313\Lib\site-packages\telebot\__init__.py", line 1236, in get_me
    result = apihelper.get_me(self.token)
  File "C:\Users\veny9\AppData\Local\Programs\Python\Python313\Lib\site-packages\telebot\apihelper.py", line 196, in get_me
    return _make_request(token, method_url)
  File "C:\Users\veny9\AppData\Local\Programs\Python\Python313\Lib\site-packages\telebot\apihelper.py", line 156, in _make_request
    result = _get_req_session().request(
        method, request_url, params=params, files=files,
        timeout=(connect_timeout, read_timeout), proxies=proxy)
  File "C:\Users\veny9\AppData\Local\Programs\Python\Python313\Lib\site-packages\requests\sessions.py", line 589, in request
    resp = self.send(prep, **send_kwargs)
  File "C:\Users\veny9\AppData\Local\Programs\Python\Python313\Lib\site-packages\requests\sessions.py", line 703, in send
    r = adapter.send(request, **kwargs)
  File "C:\Users\veny9\AppData\Local\Programs\Python\Python313\Lib\site-packages\requests\adapters.py", line 671, in send
    raise ProxyError(e, request=request)
requests.exceptions.ProxyError: HTTPSConnectionPool(host='api.telegram.org', port=443): Max retries exceeded with url: /bot8024124421:AAHt0KvhPObxMu0uhOJWtGozSTy7AwD8DIo/getMe (Caused by ProxyError('Unable to connect to proxy', ConnectTimeoutError(<urllib3.connection.HTTPSConnection object at 0x0000023C21023380>, 'Connection to 185.242.5.44 timed out. (connect timeout=15)')))

2025-12-16 02:45:58,465 - TeleBot - ERROR - Infinity polling exception: HTTPSConnectionPool(host='api.telegram.org', port=443): Max retries exceeded with url: /bot8024124421:AAHt0KvhPObxMu0uhOJWtGozSTy7AwD8DIo/getMe (Caused by ProxyError('Unable to connect to proxy', ConnectTimeoutError(<urllib3.connection.HTTPSConnection object at 0x0000023C2102B9D0>, 'Connection to 185.242.5.44 timed out. (connect timeout=15)')))
2025-12-16 02:45:58,469 - TeleBot - ERROR - Exception traceback:
Traceback (most recent call last):
  File "C:\Users\veny9\AppData\Local\Programs\Python\Python313\Lib\site-packages\urllib3\connection.py", line 198, in _new_conn
    sock = connection.create_connection(
        (self._dns_host, self.port),
    ...<2 lines>...
        socket_options=self.socket_options,
    )
  File "C:\Users\veny9\AppData\Local\Programs\Python\Python313\Lib\site-packages\urllib3\util\connection.py", line 85, in create_connection
    raise err
  File "C:\Users\veny9\AppData\Local\Programs\Python\Python313\Lib\site-packages\urllib3\util\connection.py", line 73, in create_connection
    sock.connect(sa)
    ~~~~~~~~~~~~^^^^
TimeoutError: timed out

The above exception was the direct cause of the following exception:

Traceback (most recent call last):
  File "C:\Users\veny9\AppData\Local\Programs\Python\Python313\Lib\site-packages\urllib3\connectionpool.py", line 773, in urlopen
    self._prepare_proxy(conn)
    ~~~~~~~~~~~~~~~~~~~^^^^^^
  File "C:\Users\veny9\AppData\Local\Programs\Python\Python313\Lib\site-packages\urllib3\connectionpool.py", line 1042, in _prepare_proxy
    conn.connect()
    ~~~~~~~~~~~~^^
  File "C:\Users\veny9\AppData\Local\Programs\Python\Python313\Lib\site-packages\urllib3\connection.py", line 753, in connect
    self.sock = sock = self._new_conn()
                       ~~~~~~~~~~~~~~^^
  File "C:\Users\veny9\AppData\Local\Programs\Python\Python313\Lib\site-packages\urllib3\connection.py", line 207, in _new_conn
    raise ConnectTimeoutError(
    ...<2 lines>...
    ) from e
urllib3.exceptions.ConnectTimeoutError: (<urllib3.connection.HTTPSConnection object at 0x0000023C2102B9D0>, 'Connection to 185.242.5.44 timed out. (connect timeout=15)')

The above exception was the direct cause of the following exception:

urllib3.exceptions.ProxyError: ('Unable to connect to proxy', ConnectTimeoutError(<urllib3.connection.HTTPSConnection object at 0x0000023C2102B9D0>, 'Connection to 185.242.5.44 timed out. (connect timeout=15)'))

The above exception was the direct cause of the following exception:

Traceback (most recent call last):
  File "C:\Users\veny9\AppData\Local\Programs\Python\Python313\Lib\site-packages\requests\adapters.py", line 644, in send
    resp = conn.urlopen(
        method=request.method,
    ...<9 lines>...
        chunked=chunked,
    )
  File "C:\Users\veny9\AppData\Local\Programs\Python\Python313\Lib\site-packages\urllib3\connectionpool.py", line 841, in urlopen
    retries = retries.increment(
        method, url, error=new_e, _pool=self, _stacktrace=sys.exc_info()[2]
    )
  File "C:\Users\veny9\AppData\Local\Programs\Python\Python313\Lib\site-packages\urllib3\util\retry.py", line 519, in increment
    raise MaxRetryError(_pool, url, reason) from reason  # type: ignore[arg-type]
    ^^^^^^^^^^^^^^^^^^^^^^^^^^^^^^^^^^^^^^^^^^^^^^^^^^^
urllib3.exceptions.MaxRetryError: HTTPSConnectionPool(host='api.telegram.org', port=443): Max retries exceeded with url: /bot8024124421:AAHt0KvhPObxMu0uhOJWtGozSTy7AwD8DIo/getMe (Caused by ProxyError('Unable to connect to proxy', ConnectTimeoutError(<urllib3.connection.HTTPSConnection object at 0x0000023C2102B9D0>, 'Connection to 185.242.5.44 timed out. (connect timeout=15)')))

During handling of the above exception, another exception occurred:

Traceback (most recent call last):
  File "C:\Users\veny9\AppData\Local\Programs\Python\Python313\Lib\site-packages\telebot\__init__.py", line 955, in infinity_polling
    self.polling(non_stop=True, timeout=timeout, long_polling_timeout=long_polling_timeout,
    ~~~~~~~~~~~~^^^^^^^^^^^^^^^^^^^^^^^^^^^^^^^^^^^^^^^^^^^^^^^^^^^^^^^^^^^^^^^^^^^^^^^^^^^
                 logger_level=logger_level, allowed_updates=allowed_updates, restart_on_change=False,
                 ^^^^^^^^^^^^^^^^^^^^^^^^^^^^^^^^^^^^^^^^^^^^^^^^^^^^^^^^^^^^^^^^^^^^^^^^^^^^^^^^^^^^
                 *args, **kwargs)
                 ^^^^^^^^^^^^^^^^
  File "C:\Users\veny9\AppData\Local\Programs\Python\Python313\Lib\site-packages\telebot\__init__.py", line 1040, in polling
    logger.info('Starting your bot with username: [@%s]', self.user.username)
                                                          ^^^^^^^^^
  File "C:\Users\veny9\AppData\Local\Programs\Python\Python313\Lib\site-packages\telebot\__init__.py", line 273, in user
    self._user = self.get_me()
                 ~~~~~~~~~~~^^
  File "C:\Users\veny9\AppData\Local\Programs\Python\Python313\Lib\site-packages\telebot\__init__.py", line 1236, in get_me
    result = apihelper.get_me(self.token)
  File "C:\Users\veny9\AppData\Local\Programs\Python\Python313\Lib\site-packages\telebot\apihelper.py", line 196, in get_me
    return _make_request(token, method_url)
  File "C:\Users\veny9\AppData\Local\Programs\Python\Python313\Lib\site-packages\telebot\apihelper.py", line 156, in _make_request
    result = _get_req_session().request(
        method, request_url, params=params, files=files,
        timeout=(connect_timeout, read_timeout), proxies=proxy)
  File "C:\Users\veny9\AppData\Local\Programs\Python\Python313\Lib\site-packages\requests\sessions.py", line 589, in request
    resp = self.send(prep, **send_kwargs)
  File "C:\Users\veny9\AppData\Local\Programs\Python\Python313\Lib\site-packages\requests\sessions.py", line 703, in send
    r = adapter.send(request, **kwargs)
  File "C:\Users\veny9\AppData\Local\Programs\Python\Python313\Lib\site-packages\requests\adapters.py", line 671, in send
    raise ProxyError(e, request=request)
requests.exceptions.ProxyError: HTTPSConnectionPool(host='api.telegram.org', port=443): Max retries exceeded with url: /bot8024124421:AAHt0KvhPObxMu0uhOJWtGozSTy7AwD8DIo/getMe (Caused by ProxyError('Unable to connect to proxy', ConnectTimeoutError(<urllib3.connection.HTTPSConnection object at 0x0000023C2102B9D0>, 'Connection to 185.242.5.44 timed out. (connect timeout=15)')))

2025-12-16 02:46:16,485 - TeleBot - ERROR - Infinity polling exception: HTTPSConnectionPool(host='api.telegram.org', port=443): Max retries exceeded with url: /bot8024124421:AAHt0KvhPObxMu0uhOJWtGozSTy7AwD8DIo/getMe (Caused by ProxyError('Unable to connect to proxy', ConnectTimeoutError(<urllib3.connection.HTTPSConnection object at 0x0000023C2102BED0>, 'Connection to 185.242.5.44 timed out. (connect timeout=15)')))
2025-12-16 02:46:16,488 - TeleBot - ERROR - Exception traceback:
Traceback (most recent call last):
  File "C:\Users\veny9\AppData\Local\Programs\Python\Python313\Lib\site-packages\urllib3\connection.py", line 198, in _new_conn
    sock = connection.create_connection(
        (self._dns_host, self.port),
    ...<2 lines>...
        socket_options=self.socket_options,
    )
  File "C:\Users\veny9\AppData\Local\Programs\Python\Python313\Lib\site-packages\urllib3\util\connection.py", line 85, in create_connection
    raise err
  File "C:\Users\veny9\AppData\Local\Programs\Python\Python313\Lib\site-packages\urllib3\util\connection.py", line 73, in create_connection
    sock.connect(sa)
    ~~~~~~~~~~~~^^^^
TimeoutError: timed out

The above exception was the direct cause of the following exception:

Traceback (most recent call last):
  File "C:\Users\veny9\AppData\Local\Programs\Python\Python313\Lib\site-packages\urllib3\connectionpool.py", line 773, in urlopen
    self._prepare_proxy(conn)
    ~~~~~~~~~~~~~~~~~~~^^^^^^
  File "C:\Users\veny9\AppData\Local\Programs\Python\Python313\Lib\site-packages\urllib3\connectionpool.py", line 1042, in _prepare_proxy
    conn.connect()
    ~~~~~~~~~~~~^^
  File "C:\Users\veny9\AppData\Local\Programs\Python\Python313\Lib\site-packages\urllib3\connection.py", line 753, in connect
    self.sock = sock = self._new_conn()
                       ~~~~~~~~~~~~~~^^
  File "C:\Users\veny9\AppData\Local\Programs\Python\Python313\Lib\site-packages\urllib3\connection.py", line 207, in _new_conn
    raise ConnectTimeoutError(
    ...<2 lines>...
    ) from e
urllib3.exceptions.ConnectTimeoutError: (<urllib3.connection.HTTPSConnection object at 0x0000023C2102BED0>, 'Connection to 185.242.5.44 timed out. (connect timeout=15)')

The above exception was the direct cause of the following exception:

urllib3.exceptions.ProxyError: ('Unable to connect to proxy', ConnectTimeoutError(<urllib3.connection.HTTPSConnection object at 0x0000023C2102BED0>, 'Connection to 185.242.5.44 timed out. (connect timeout=15)'))

The above exception was the direct cause of the following exception:

Traceback (most recent call last):
  File "C:\Users\veny9\AppData\Local\Programs\Python\Python313\Lib\site-packages\requests\adapters.py", line 644, in send
    resp = conn.urlopen(
        method=request.method,
    ...<9 lines>...
        chunked=chunked,
    )
  File "C:\Users\veny9\AppData\Local\Programs\Python\Python313\Lib\site-packages\urllib3\connectionpool.py", line 841, in urlopen
    retries = retries.increment(
        method, url, error=new_e, _pool=self, _stacktrace=sys.exc_info()[2]
    )
  File "C:\Users\veny9\AppData\Local\Programs\Python\Python313\Lib\site-packages\urllib3\util\retry.py", line 519, in increment
    raise MaxRetryError(_pool, url, reason) from reason  # type: ignore[arg-type]
    ^^^^^^^^^^^^^^^^^^^^^^^^^^^^^^^^^^^^^^^^^^^^^^^^^^^
urllib3.exceptions.MaxRetryError: HTTPSConnectionPool(host='api.telegram.org', port=443): Max retries exceeded with url: /bot8024124421:AAHt0KvhPObxMu0uhOJWtGozSTy7AwD8DIo/getMe (Caused by ProxyError('Unable to connect to proxy', ConnectTimeoutError(<urllib3.connection.HTTPSConnection object at 0x0000023C2102BED0>, 'Connection to 185.242.5.44 timed out. (connect timeout=15)')))

During handling of the above exception, another exception occurred:

Traceback (most recent call last):
  File "C:\Users\veny9\AppData\Local\Programs\Python\Python313\Lib\site-packages\telebot\__init__.py", line 955, in infinity_polling
    self.polling(non_stop=True, timeout=timeout, long_polling_timeout=long_polling_timeout,
    ~~~~~~~~~~~~^^^^^^^^^^^^^^^^^^^^^^^^^^^^^^^^^^^^^^^^^^^^^^^^^^^^^^^^^^^^^^^^^^^^^^^^^^^
                 logger_level=logger_level, allowed_updates=allowed_updates, restart_on_change=False,
                 ^^^^^^^^^^^^^^^^^^^^^^^^^^^^^^^^^^^^^^^^^^^^^^^^^^^^^^^^^^^^^^^^^^^^^^^^^^^^^^^^^^^^
                 *args, **kwargs)
                 ^^^^^^^^^^^^^^^^
  File "C:\Users\veny9\AppData\Local\Programs\Python\Python313\Lib\site-packages\telebot\__init__.py", line 1040, in polling
    logger.info('Starting your bot with username: [@%s]', self.user.username)
                                                          ^^^^^^^^^
  File "C:\Users\veny9\AppData\Local\Programs\Python\Python313\Lib\site-packages\telebot\__init__.py", line 273, in user
    self._user = self.get_me()
                 ~~~~~~~~~~~^^
  File "C:\Users\veny9\AppData\Local\Programs\Python\Python313\Lib\site-packages\telebot\__init__.py", line 1236, in get_me
    result = apihelper.get_me(self.token)
  File "C:\Users\veny9\AppData\Local\Programs\Python\Python313\Lib\site-packages\telebot\apihelper.py", line 196, in get_me
    return _make_request(token, method_url)
  File "C:\Users\veny9\AppData\Local\Programs\Python\Python313\Lib\site-packages\telebot\apihelper.py", line 156, in _make_request
    result = _get_req_session().request(
        method, request_url, params=params, files=files,
        timeout=(connect_timeout, read_timeout), proxies=proxy)
  File "C:\Users\veny9\AppData\Local\Programs\Python\Python313\Lib\site-packages\requests\sessions.py", line 589, in request
    resp = self.send(prep, **send_kwargs)
  File "C:\Users\veny9\AppData\Local\Programs\Python\Python313\Lib\site-packages\requests\sessions.py", line 703, in send
    r = adapter.send(request, **kwargs)
  File "C:\Users\veny9\AppData\Local\Programs\Python\Python313\Lib\site-packages\requests\adapters.py", line 671, in send
    raise ProxyError(e, request=request)
requests.exceptions.ProxyError: HTTPSConnectionPool(host='api.telegram.org', port=443): Max retries exceeded with url: /bot8024124421:AAHt0KvhPObxMu0uhOJWtGozSTy7AwD8DIo/getMe (Caused by ProxyError('Unable to connect to proxy', ConnectTimeoutError(<urllib3.connection.HTTPSConnection object at 0x0000023C2102BED0>, 'Connection to 185.242.5.44 timed out. (connect timeout=15)')))

2025-12-16 02:46:34,504 - TeleBot - ERROR - Infinity polling exception: HTTPSConnectionPool(host='api.telegram.org', port=443): Max retries exceeded with url: /bot8024124421:AAHt0KvhPObxMu0uhOJWtGozSTy7AwD8DIo/getMe (Caused by ProxyError('Unable to connect to proxy', ConnectTimeoutError(<urllib3.connection.HTTPSConnection object at 0x0000023C2102BB10>, 'Connection to 185.242.5.44 timed out. (connect timeout=15)')))
2025-12-16 02:46:34,508 - TeleBot - ERROR - Exception traceback:
Traceback (most recent call last):
  File "C:\Users\veny9\AppData\Local\Programs\Python\Python313\Lib\site-packages\urllib3\connection.py", line 198, in _new_conn
    sock = connection.create_connection(
        (self._dns_host, self.port),
    ...<2 lines>...
        socket_options=self.socket_options,
    )
  File "C:\Users\veny9\AppData\Local\Programs\Python\Python313\Lib\site-packages\urllib3\util\connection.py", line 85, in create_connection
    raise err
  File "C:\Users\veny9\AppData\Local\Programs\Python\Python313\Lib\site-packages\urllib3\util\connection.py", line 73, in create_connection
    sock.connect(sa)
    ~~~~~~~~~~~~^^^^
TimeoutError: timed out

The above exception was the direct cause of the following exception:

Traceback (most recent call last):
  File "C:\Users\veny9\AppData\Local\Programs\Python\Python313\Lib\site-packages\urllib3\connectionpool.py", line 773, in urlopen
    self._prepare_proxy(conn)
    ~~~~~~~~~~~~~~~~~~~^^^^^^
  File "C:\Users\veny9\AppData\Local\Programs\Python\Python313\Lib\site-packages\urllib3\connectionpool.py", line 1042, in _prepare_proxy
    conn.connect()
    ~~~~~~~~~~~~^^
  File "C:\Users\veny9\AppData\Local\Programs\Python\Python313\Lib\site-packages\urllib3\connection.py", line 753, in connect
    self.sock = sock = self._new_conn()
                       ~~~~~~~~~~~~~~^^
  File "C:\Users\veny9\AppData\Local\Programs\Python\Python313\Lib\site-packages\urllib3\connection.py", line 207, in _new_conn
    raise ConnectTimeoutError(
    ...<2 lines>...
    ) from e
urllib3.exceptions.ConnectTimeoutError: (<urllib3.connection.HTTPSConnection object at 0x0000023C2102BB10>, 'Connection to 185.242.5.44 timed out. (connect timeout=15)')

The above exception was the direct cause of the following exception:

urllib3.exceptions.ProxyError: ('Unable to connect to proxy', ConnectTimeoutError(<urllib3.connection.HTTPSConnection object at 0x0000023C2102BB10>, 'Connection to 185.242.5.44 timed out. (connect timeout=15)'))

The above exception was the direct cause of the following exception:

Traceback (most recent call last):
  File "C:\Users\veny9\AppData\Local\Programs\Python\Python313\Lib\site-packages\requests\adapters.py", line 644, in send
    resp = conn.urlopen(
        method=request.method,
    ...<9 lines>...
        chunked=chunked,
    )
  File "C:\Users\veny9\AppData\Local\Programs\Python\Python313\Lib\site-packages\urllib3\connectionpool.py", line 841, in urlopen
    retries = retries.increment(
        method, url, error=new_e, _pool=self, _stacktrace=sys.exc_info()[2]
    )
  File "C:\Users\veny9\AppData\Local\Programs\Python\Python313\Lib\site-packages\urllib3\util\retry.py", line 519, in increment
    raise MaxRetryError(_pool, url, reason) from reason  # type: ignore[arg-type]
    ^^^^^^^^^^^^^^^^^^^^^^^^^^^^^^^^^^^^^^^^^^^^^^^^^^^
urllib3.exceptions.MaxRetryError: HTTPSConnectionPool(host='api.telegram.org', port=443): Max retries exceeded with url: /bot8024124421:AAHt0KvhPObxMu0uhOJWtGozSTy7AwD8DIo/getMe (Caused by ProxyError('Unable to connect to proxy', ConnectTimeoutError(<urllib3.connection.HTTPSConnection object at 0x0000023C2102BB10>, 'Connection to 185.242.5.44 timed out. (connect timeout=15)')))

During handling of the above exception, another exception occurred:

Traceback (most recent call last):
  File "C:\Users\veny9\AppData\Local\Programs\Python\Python313\Lib\site-packages\telebot\__init__.py", line 955, in infinity_polling
    self.polling(non_stop=True, timeout=timeout, long_polling_timeout=long_polling_timeout,
    ~~~~~~~~~~~~^^^^^^^^^^^^^^^^^^^^^^^^^^^^^^^^^^^^^^^^^^^^^^^^^^^^^^^^^^^^^^^^^^^^^^^^^^^
                 logger_level=logger_level, allowed_updates=allowed_updates, restart_on_change=False,
                 ^^^^^^^^^^^^^^^^^^^^^^^^^^^^^^^^^^^^^^^^^^^^^^^^^^^^^^^^^^^^^^^^^^^^^^^^^^^^^^^^^^^^
                 *args, **kwargs)
                 ^^^^^^^^^^^^^^^^
  File "C:\Users\veny9\AppData\Local\Programs\Python\Python313\Lib\site-packages\telebot\__init__.py", line 1040, in polling
    logger.info('Starting your bot with username: [@%s]', self.user.username)
                                                          ^^^^^^^^^
  File "C:\Users\veny9\AppData\Local\Programs\Python\Python313\Lib\site-packages\telebot\__init__.py", line 273, in user
    self._user = self.get_me()
                 ~~~~~~~~~~~^^
  File "C:\Users\veny9\AppData\Local\Programs\Python\Python313\Lib\site-packages\telebot\__init__.py", line 1236, in get_me
    result = apihelper.get_me(self.token)
  File "C:\Users\veny9\AppData\Local\Programs\Python\Python313\Lib\site-packages\telebot\apihelper.py", line 196, in get_me
    return _make_request(token, method_url)
  File "C:\Users\veny9\AppData\Local\Programs\Python\Python313\Lib\site-packages\telebot\apihelper.py", line 156, in _make_request
    result = _get_req_session().request(
        method, request_url, params=params, files=files,
        timeout=(connect_timeout, read_timeout), proxies=proxy)
  File "C:\Users\veny9\AppData\Local\Programs\Python\Python313\Lib\site-packages\requests\sessions.py", line 589, in request
    resp = self.send(prep, **send_kwargs)
  File "C:\Users\veny9\AppData\Local\Programs\Python\Python313\Lib\site-packages\requests\sessions.py", line 703, in send
    r = adapter.send(request, **kwargs)
  File "C:\Users\veny9\AppData\Local\Programs\Python\Python313\Lib\site-packages\requests\adapters.py", line 671, in send
    raise ProxyError(e, request=request)
requests.exceptions.ProxyError: HTTPSConnectionPool(host='api.telegram.org', port=443): Max retries exceeded with url: /bot8024124421:AAHt0KvhPObxMu0uhOJWtGozSTy7AwD8DIo/getMe (Caused by ProxyError('Unable to connect to proxy', ConnectTimeoutError(<urllib3.connection.HTTPSConnection object at 0x0000023C2102BB10>, 'Connection to 185.242.5.44 timed out. (connect timeout=15)')))

2025-12-16 02:46:52,514 - TeleBot - ERROR - Infinity polling exception: HTTPSConnectionPool(host='api.telegram.org', port=443): Max retries exceeded with url: /bot8024124421:AAHt0KvhPObxMu0uhOJWtGozSTy7AwD8DIo/getMe (Caused by ProxyError('Unable to connect to proxy', ConnectTimeoutError(<urllib3.connection.HTTPSConnection object at 0x0000023C211B8550>, 'Connection to 185.242.5.44 timed out. (connect timeout=15)')))
2025-12-16 02:46:52,518 - TeleBot - ERROR - Exception traceback:
Traceback (most recent call last):
  File "C:\Users\veny9\AppData\Local\Programs\Python\Python313\Lib\site-packages\urllib3\connection.py", line 198, in _new_conn
    sock = connection.create_connection(
        (self._dns_host, self.port),
    ...<2 lines>...
        socket_options=self.socket_options,
    )
  File "C:\Users\veny9\AppData\Local\Programs\Python\Python313\Lib\site-packages\urllib3\util\connection.py", line 85, in create_connection
    raise err
  File "C:\Users\veny9\AppData\Local\Programs\Python\Python313\Lib\site-packages\urllib3\util\connection.py", line 73, in create_connection
    sock.connect(sa)
    ~~~~~~~~~~~~^^^^
TimeoutError: timed out

The above exception was the direct cause of the following exception:

Traceback (most recent call last):
  File "C:\Users\veny9\AppData\Local\Programs\Python\Python313\Lib\site-packages\urllib3\connectionpool.py", line 773, in urlopen
    self._prepare_proxy(conn)
    ~~~~~~~~~~~~~~~~~~~^^^^^^
  File "C:\Users\veny9\AppData\Local\Programs\Python\Python313\Lib\site-packages\urllib3\connectionpool.py", line 1042, in _prepare_proxy
    conn.connect()
    ~~~~~~~~~~~~^^
  File "C:\Users\veny9\AppData\Local\Programs\Python\Python313\Lib\site-packages\urllib3\connection.py", line 753, in connect
    self.sock = sock = self._new_conn()
                       ~~~~~~~~~~~~~~^^
  File "C:\Users\veny9\AppData\Local\Programs\Python\Python313\Lib\site-packages\urllib3\connection.py", line 207, in _new_conn
    raise ConnectTimeoutError(
    ...<2 lines>...
    ) from e
urllib3.exceptions.ConnectTimeoutError: (<urllib3.connection.HTTPSConnection object at 0x0000023C211B8550>, 'Connection to 185.242.5.44 timed out. (connect timeout=15)')

The above exception was the direct cause of the following exception:

urllib3.exceptions.ProxyError: ('Unable to connect to proxy', ConnectTimeoutError(<urllib3.connection.HTTPSConnection object at 0x0000023C211B8550>, 'Connection to 185.242.5.44 timed out. (connect timeout=15)'))

The above exception was the direct cause of the following exception:

Traceback (most recent call last):
  File "C:\Users\veny9\AppData\Local\Programs\Python\Python313\Lib\site-packages\requests\adapters.py", line 644, in send
    resp = conn.urlopen(
        method=request.method,
    ...<9 lines>...
        chunked=chunked,
    )
  File "C:\Users\veny9\AppData\Local\Programs\Python\Python313\Lib\site-packages\urllib3\connectionpool.py", line 841, in urlopen
    retries = retries.increment(
        method, url, error=new_e, _pool=self, _stacktrace=sys.exc_info()[2]
    )
  File "C:\Users\veny9\AppData\Local\Programs\Python\Python313\Lib\site-packages\urllib3\util\retry.py", line 519, in increment
    raise MaxRetryError(_pool, url, reason) from reason  # type: ignore[arg-type]
    ^^^^^^^^^^^^^^^^^^^^^^^^^^^^^^^^^^^^^^^^^^^^^^^^^^^
urllib3.exceptions.MaxRetryError: HTTPSConnectionPool(host='api.telegram.org', port=443): Max retries exceeded with url: /bot8024124421:AAHt0KvhPObxMu0uhOJWtGozSTy7AwD8DIo/getMe (Caused by ProxyError('Unable to connect to proxy', ConnectTimeoutError(<urllib3.connection.HTTPSConnection object at 0x0000023C211B8550>, 'Connection to 185.242.5.44 timed out. (connect timeout=15)')))

During handling of the above exception, another exception occurred:

Traceback (most recent call last):
  File "C:\Users\veny9\AppData\Local\Programs\Python\Python313\Lib\site-packages\telebot\__init__.py", line 955, in infinity_polling
    self.polling(non_stop=True, timeout=timeout, long_polling_timeout=long_polling_timeout,
    ~~~~~~~~~~~~^^^^^^^^^^^^^^^^^^^^^^^^^^^^^^^^^^^^^^^^^^^^^^^^^^^^^^^^^^^^^^^^^^^^^^^^^^^
                 logger_level=logger_level, allowed_updates=allowed_updates, restart_on_change=False,
                 ^^^^^^^^^^^^^^^^^^^^^^^^^^^^^^^^^^^^^^^^^^^^^^^^^^^^^^^^^^^^^^^^^^^^^^^^^^^^^^^^^^^^
                 *args, **kwargs)
                 ^^^^^^^^^^^^^^^^
  File "C:\Users\veny9\AppData\Local\Programs\Python\Python313\Lib\site-packages\telebot\__init__.py", line 1040, in polling
    logger.info('Starting your bot with username: [@%s]', self.user.username)
                                                          ^^^^^^^^^
  File "C:\Users\veny9\AppData\Local\Programs\Python\Python313\Lib\site-packages\telebot\__init__.py", line 273, in user
    self._user = self.get_me()
                 ~~~~~~~~~~~^^
  File "C:\Users\veny9\AppData\Local\Programs\Python\Python313\Lib\site-packages\telebot\__init__.py", line 1236, in get_me
    result = apihelper.get_me(self.token)
  File "C:\Users\veny9\AppData\Local\Programs\Python\Python313\Lib\site-packages\telebot\apihelper.py", line 196, in get_me
    return _make_request(token, method_url)
  File "C:\Users\veny9\AppData\Local\Programs\Python\Python313\Lib\site-packages\telebot\apihelper.py", line 156, in _make_request
    result = _get_req_session().request(
        method, request_url, params=params, files=files,
        timeout=(connect_timeout, read_timeout), proxies=proxy)
  File "C:\Users\veny9\AppData\Local\Programs\Python\Python313\Lib\site-packages\requests\sessions.py", line 589, in request
    resp = self.send(prep, **send_kwargs)
  File "C:\Users\veny9\AppData\Local\Programs\Python\Python313\Lib\site-packages\requests\sessions.py", line 703, in send
    r = adapter.send(request, **kwargs)
  File "C:\Users\veny9\AppData\Local\Programs\Python\Python313\Lib\site-packages\requests\adapters.py", line 671, in send
    raise ProxyError(e, request=request)
requests.exceptions.ProxyError: HTTPSConnectionPool(host='api.telegram.org', port=443): Max retries exceeded with url: /bot8024124421:AAHt0KvhPObxMu0uhOJWtGozSTy7AwD8DIo/getMe (Caused by ProxyError('Unable to connect to proxy', ConnectTimeoutError(<urllib3.connection.HTTPSConnection object at 0x0000023C211B8550>, 'Connection to 185.242.5.44 timed out. (connect timeout=15)')))

2025-12-16 02:47:10,528 - TeleBot - ERROR - Infinity polling exception: HTTPSConnectionPool(host='api.telegram.org', port=443): Max retries exceeded with url: /bot8024124421:AAHt0KvhPObxMu0uhOJWtGozSTy7AwD8DIo/getMe (Caused by ProxyError('Unable to connect to proxy', ConnectTimeoutError(<urllib3.connection.HTTPSConnection object at 0x0000023C211B8910>, 'Connection to 185.242.5.44 timed out. (connect timeout=15)')))
2025-12-16 02:47:10,530 - TeleBot - ERROR - Exception traceback:
Traceback (most recent call last):
  File "C:\Users\veny9\AppData\Local\Programs\Python\Python313\Lib\site-packages\urllib3\connection.py", line 198, in _new_conn
    sock = connection.create_connection(
        (self._dns_host, self.port),
    ...<2 lines>...
        socket_options=self.socket_options,
    )
  File "C:\Users\veny9\AppData\Local\Programs\Python\Python313\Lib\site-packages\urllib3\util\connection.py", line 85, in create_connection
    raise err
  File "C:\Users\veny9\AppData\Local\Programs\Python\Python313\Lib\site-packages\urllib3\util\connection.py", line 73, in create_connection
    sock.connect(sa)
    ~~~~~~~~~~~~^^^^
TimeoutError: timed out

The above exception was the direct cause of the following exception:

Traceback (most recent call last):
  File "C:\Users\veny9\AppData\Local\Programs\Python\Python313\Lib\site-packages\urllib3\connectionpool.py", line 773, in urlopen
    self._prepare_proxy(conn)
    ~~~~~~~~~~~~~~~~~~~^^^^^^
  File "C:\Users\veny9\AppData\Local\Programs\Python\Python313\Lib\site-packages\urllib3\connectionpool.py", line 1042, in _prepare_proxy
    conn.connect()
    ~~~~~~~~~~~~^^
  File "C:\Users\veny9\AppData\Local\Programs\Python\Python313\Lib\site-packages\urllib3\connection.py", line 753, in connect
    self.sock = sock = self._new_conn()
                       ~~~~~~~~~~~~~~^^
  File "C:\Users\veny9\AppData\Local\Programs\Python\Python313\Lib\site-packages\urllib3\connection.py", line 207, in _new_conn
    raise ConnectTimeoutError(
    ...<2 lines>...
    ) from e
urllib3.exceptions.ConnectTimeoutError: (<urllib3.connection.HTTPSConnection object at 0x0000023C211B8910>, 'Connection to 185.242.5.44 timed out. (connect timeout=15)')

The above exception was the direct cause of the following exception:

urllib3.exceptions.ProxyError: ('Unable to connect to proxy', ConnectTimeoutError(<urllib3.connection.HTTPSConnection object at 0x0000023C211B8910>, 'Connection to 185.242.5.44 timed out. (connect timeout=15)'))

The above exception was the direct cause of the following exception:

Traceback (most recent call last):
  File "C:\Users\veny9\AppData\Local\Programs\Python\Python313\Lib\site-packages\requests\adapters.py", line 644, in send
    resp = conn.urlopen(
        method=request.method,
    ...<9 lines>...
        chunked=chunked,
    )
  File "C:\Users\veny9\AppData\Local\Programs\Python\Python313\Lib\site-packages\urllib3\connectionpool.py", line 841, in urlopen
    retries = retries.increment(
        method, url, error=new_e, _pool=self, _stacktrace=sys.exc_info()[2]
    )
  File "C:\Users\veny9\AppData\Local\Programs\Python\Python313\Lib\site-packages\urllib3\util\retry.py", line 519, in increment
    raise MaxRetryError(_pool, url, reason) from reason  # type: ignore[arg-type]
    ^^^^^^^^^^^^^^^^^^^^^^^^^^^^^^^^^^^^^^^^^^^^^^^^^^^
urllib3.exceptions.MaxRetryError: HTTPSConnectionPool(host='api.telegram.org', port=443): Max retries exceeded with url: /bot8024124421:AAHt0KvhPObxMu0uhOJWtGozSTy7AwD8DIo/getMe (Caused by ProxyError('Unable to connect to proxy', ConnectTimeoutError(<urllib3.connection.HTTPSConnection object at 0x0000023C211B8910>, 'Connection to 185.242.5.44 timed out. (connect timeout=15)')))

During handling of the above exception, another exception occurred:

Traceback (most recent call last):
  File "C:\Users\veny9\AppData\Local\Programs\Python\Python313\Lib\site-packages\telebot\__init__.py", line 955, in infinity_polling
    self.polling(non_stop=True, timeout=timeout, long_polling_timeout=long_polling_timeout,
    ~~~~~~~~~~~~^^^^^^^^^^^^^^^^^^^^^^^^^^^^^^^^^^^^^^^^^^^^^^^^^^^^^^^^^^^^^^^^^^^^^^^^^^^
                 logger_level=logger_level, allowed_updates=allowed_updates, restart_on_change=False,
                 ^^^^^^^^^^^^^^^^^^^^^^^^^^^^^^^^^^^^^^^^^^^^^^^^^^^^^^^^^^^^^^^^^^^^^^^^^^^^^^^^^^^^
                 *args, **kwargs)
                 ^^^^^^^^^^^^^^^^
  File "C:\Users\veny9\AppData\Local\Programs\Python\Python313\Lib\site-packages\telebot\__init__.py", line 1040, in polling
    logger.info('Starting your bot with username: [@%s]', self.user.username)
                                                          ^^^^^^^^^
  File "C:\Users\veny9\AppData\Local\Programs\Python\Python313\Lib\site-packages\telebot\__init__.py", line 273, in user
    self._user = self.get_me()
                 ~~~~~~~~~~~^^
  File "C:\Users\veny9\AppData\Local\Programs\Python\Python313\Lib\site-packages\telebot\__init__.py", line 1236, in get_me
    result = apihelper.get_me(self.token)
  File "C:\Users\veny9\AppData\Local\Programs\Python\Python313\Lib\site-packages\telebot\apihelper.py", line 196, in get_me
    return _make_request(token, method_url)
  File "C:\Users\veny9\AppData\Local\Programs\Python\Python313\Lib\site-packages\telebot\apihelper.py", line 156, in _make_request
    result = _get_req_session().request(
        method, request_url, params=params, files=files,
        timeout=(connect_timeout, read_timeout), proxies=proxy)
  File "C:\Users\veny9\AppData\Local\Programs\Python\Python313\Lib\site-packages\requests\sessions.py", line 589, in request
    resp = self.send(prep, **send_kwargs)
  File "C:\Users\veny9\AppData\Local\Programs\Python\Python313\Lib\site-packages\requests\sessions.py", line 703, in send
    r = adapter.send(request, **kwargs)
  File "C:\Users\veny9\AppData\Local\Programs\Python\Python313\Lib\site-packages\requests\adapters.py", line 671, in send
    raise ProxyError(e, request=request)
requests.exceptions.ProxyError: HTTPSConnectionPool(host='api.telegram.org', port=443): Max retries exceeded with url: /bot8024124421:AAHt0KvhPObxMu0uhOJWtGozSTy7AwD8DIo/getMe (Caused by ProxyError('Unable to connect to proxy', ConnectTimeoutError(<urllib3.connection.HTTPSConnection object at 0x0000023C211B8910>, 'Connection to 185.242.5.44 timed out. (connect timeout=15)')))

2025-12-16 02:47:28,543 - TeleBot - ERROR - Infinity polling exception: HTTPSConnectionPool(host='api.telegram.org', port=443): Max retries exceeded with url: /bot8024124421:AAHt0KvhPObxMu0uhOJWtGozSTy7AwD8DIo/getMe (Caused by ProxyError('Unable to connect to proxy', ConnectTimeoutError(<urllib3.connection.HTTPSConnection object at 0x0000023C211B8CD0>, 'Connection to 185.242.5.44 timed out. (connect timeout=15)')))
2025-12-16 02:47:28,546 - TeleBot - ERROR - Exception traceback:
Traceback (most recent call last):
  File "C:\Users\veny9\AppData\Local\Programs\Python\Python313\Lib\site-packages\urllib3\connection.py", line 198, in _new_conn
    sock = connection.create_connection(
        (self._dns_host, self.port),
    ...<2 lines>...
        socket_options=self.socket_options,
    )
  File "C:\Users\veny9\AppData\Local\Programs\Python\Python313\Lib\site-packages\urllib3\util\connection.py", line 85, in create_connection
    raise err
  File "C:\Users\veny9\AppData\Local\Programs\Python\Python313\Lib\site-packages\urllib3\util\connection.py", line 73, in create_connection
    sock.connect(sa)
    ~~~~~~~~~~~~^^^^
TimeoutError: timed out

The above exception was the direct cause of the following exception:

Traceback (most recent call last):
  File "C:\Users\veny9\AppData\Local\Programs\Python\Python313\Lib\site-packages\urllib3\connectionpool.py", line 773, in urlopen
    self._prepare_proxy(conn)
    ~~~~~~~~~~~~~~~~~~~^^^^^^
  File "C:\Users\veny9\AppData\Local\Programs\Python\Python313\Lib\site-packages\urllib3\connectionpool.py", line 1042, in _prepare_proxy
    conn.connect()
    ~~~~~~~~~~~~^^
  File "C:\Users\veny9\AppData\Local\Programs\Python\Python313\Lib\site-packages\urllib3\connection.py", line 753, in connect
    self.sock = sock = self._new_conn()
                       ~~~~~~~~~~~~~~^^
  File "C:\Users\veny9\AppData\Local\Programs\Python\Python313\Lib\site-packages\urllib3\connection.py", line 207, in _new_conn
    raise ConnectTimeoutError(
    ...<2 lines>...
    ) from e
urllib3.exceptions.ConnectTimeoutError: (<urllib3.connection.HTTPSConnection object at 0x0000023C211B8CD0>, 'Connection to 185.242.5.44 timed out. (connect timeout=15)')

The above exception was the direct cause of the following exception:

urllib3.exceptions.ProxyError: ('Unable to connect to proxy', ConnectTimeoutError(<urllib3.connection.HTTPSConnection object at 0x0000023C211B8CD0>, 'Connection to 185.242.5.44 timed out. (connect timeout=15)'))

The above exception was the direct cause of the following exception:

Traceback (most recent call last):
  File "C:\Users\veny9\AppData\Local\Programs\Python\Python313\Lib\site-packages\requests\adapters.py", line 644, in send
    resp = conn.urlopen(
        method=request.method,
    ...<9 lines>...
        chunked=chunked,
    )
  File "C:\Users\veny9\AppData\Local\Programs\Python\Python313\Lib\site-packages\urllib3\connectionpool.py", line 841, in urlopen
    retries = retries.increment(
        method, url, error=new_e, _pool=self, _stacktrace=sys.exc_info()[2]
    )
  File "C:\Users\veny9\AppData\Local\Programs\Python\Python313\Lib\site-packages\urllib3\util\retry.py", line 519, in increment
    raise MaxRetryError(_pool, url, reason) from reason  # type: ignore[arg-type]
    ^^^^^^^^^^^^^^^^^^^^^^^^^^^^^^^^^^^^^^^^^^^^^^^^^^^
urllib3.exceptions.MaxRetryError: HTTPSConnectionPool(host='api.telegram.org', port=443): Max retries exceeded with url: /bot8024124421:AAHt0KvhPObxMu0uhOJWtGozSTy7AwD8DIo/getMe (Caused by ProxyError('Unable to connect to proxy', ConnectTimeoutError(<urllib3.connection.HTTPSConnection object at 0x0000023C211B8CD0>, 'Connection to 185.242.5.44 timed out. (connect timeout=15)')))

During handling of the above exception, another exception occurred:

Traceback (most recent call last):
  File "C:\Users\veny9\AppData\Local\Programs\Python\Python313\Lib\site-packages\telebot\__init__.py", line 955, in infinity_polling
    self.polling(non_stop=True, timeout=timeout, long_polling_timeout=long_polling_timeout,
    ~~~~~~~~~~~~^^^^^^^^^^^^^^^^^^^^^^^^^^^^^^^^^^^^^^^^^^^^^^^^^^^^^^^^^^^^^^^^^^^^^^^^^^^
                 logger_level=logger_level, allowed_updates=allowed_updates, restart_on_change=False,
                 ^^^^^^^^^^^^^^^^^^^^^^^^^^^^^^^^^^^^^^^^^^^^^^^^^^^^^^^^^^^^^^^^^^^^^^^^^^^^^^^^^^^^
                 *args, **kwargs)
                 ^^^^^^^^^^^^^^^^
  File "C:\Users\veny9\AppData\Local\Programs\Python\Python313\Lib\site-packages\telebot\__init__.py", line 1040, in polling
    logger.info('Starting your bot with username: [@%s]', self.user.username)
                                                          ^^^^^^^^^
  File "C:\Users\veny9\AppData\Local\Programs\Python\Python313\Lib\site-packages\telebot\__init__.py", line 273, in user
    self._user = self.get_me()
                 ~~~~~~~~~~~^^
  File "C:\Users\veny9\AppData\Local\Programs\Python\Python313\Lib\site-packages\telebot\__init__.py", line 1236, in get_me
    result = apihelper.get_me(self.token)
  File "C:\Users\veny9\AppData\Local\Programs\Python\Python313\Lib\site-packages\telebot\apihelper.py", line 196, in get_me
    return _make_request(token, method_url)
  File "C:\Users\veny9\AppData\Local\Programs\Python\Python313\Lib\site-packages\telebot\apihelper.py", line 156, in _make_request
    result = _get_req_session().request(
        method, request_url, params=params, files=files,
        timeout=(connect_timeout, read_timeout), proxies=proxy)
  File "C:\Users\veny9\AppData\Local\Programs\Python\Python313\Lib\site-packages\requests\sessions.py", line 589, in request
    resp = self.send(prep, **send_kwargs)
  File "C:\Users\veny9\AppData\Local\Programs\Python\Python313\Lib\site-packages\requests\sessions.py", line 703, in send
    r = adapter.send(request, **kwargs)
  File "C:\Users\veny9\AppData\Local\Programs\Python\Python313\Lib\site-packages\requests\adapters.py", line 671, in send
    raise ProxyError(e, request=request)
requests.exceptions.ProxyError: HTTPSConnectionPool(host='api.telegram.org', port=443): Max retries exceeded with url: /bot8024124421:AAHt0KvhPObxMu0uhOJWtGozSTy7AwD8DIo/getMe (Caused by ProxyError('Unable to connect to proxy', ConnectTimeoutError(<urllib3.connection.HTTPSConnection object at 0x0000023C211B8CD0>, 'Connection to 185.242.5.44 timed out. (connect timeout=15)')))

2025-12-16 02:47:46,553 - TeleBot - ERROR - Infinity polling exception: HTTPSConnectionPool(host='api.telegram.org', port=443): Max retries exceeded with url: /bot8024124421:AAHt0KvhPObxMu0uhOJWtGozSTy7AwD8DIo/getMe (Caused by ProxyError('Unable to connect to proxy', ConnectTimeoutError(<urllib3.connection.HTTPSConnection object at 0x0000023C211B9090>, 'Connection to 185.242.5.44 timed out. (connect timeout=15)')))
2025-12-16 02:47:46,556 - TeleBot - ERROR - Exception traceback:
Traceback (most recent call last):
  File "C:\Users\veny9\AppData\Local\Programs\Python\Python313\Lib\site-packages\urllib3\connection.py", line 198, in _new_conn
    sock = connection.create_connection(
        (self._dns_host, self.port),
    ...<2 lines>...
        socket_options=self.socket_options,
    )
  File "C:\Users\veny9\AppData\Local\Programs\Python\Python313\Lib\site-packages\urllib3\util\connection.py", line 85, in create_connection
    raise err
  File "C:\Users\veny9\AppData\Local\Programs\Python\Python313\Lib\site-packages\urllib3\util\connection.py", line 73, in create_connection
    sock.connect(sa)
    ~~~~~~~~~~~~^^^^
TimeoutError: timed out

The above exception was the direct cause of the following exception:

Traceback (most recent call last):
  File "C:\Users\veny9\AppData\Local\Programs\Python\Python313\Lib\site-packages\urllib3\connectionpool.py", line 773, in urlopen
    self._prepare_proxy(conn)
    ~~~~~~~~~~~~~~~~~~~^^^^^^
  File "C:\Users\veny9\AppData\Local\Programs\Python\Python313\Lib\site-packages\urllib3\connectionpool.py", line 1042, in _prepare_proxy
    conn.connect()
    ~~~~~~~~~~~~^^
  File "C:\Users\veny9\AppData\Local\Programs\Python\Python313\Lib\site-packages\urllib3\connection.py", line 753, in connect
    self.sock = sock = self._new_conn()
                       ~~~~~~~~~~~~~~^^
  File "C:\Users\veny9\AppData\Local\Programs\Python\Python313\Lib\site-packages\urllib3\connection.py", line 207, in _new_conn
    raise ConnectTimeoutError(
    ...<2 lines>...
    ) from e
urllib3.exceptions.ConnectTimeoutError: (<urllib3.connection.HTTPSConnection object at 0x0000023C211B9090>, 'Connection to 185.242.5.44 timed out. (connect timeout=15)')

The above exception was the direct cause of the following exception:

urllib3.exceptions.ProxyError: ('Unable to connect to proxy', ConnectTimeoutError(<urllib3.connection.HTTPSConnection object at 0x0000023C211B9090>, 'Connection to 185.242.5.44 timed out. (connect timeout=15)'))

The above exception was the direct cause of the following exception:

Traceback (most recent call last):
  File "C:\Users\veny9\AppData\Local\Programs\Python\Python313\Lib\site-packages\requests\adapters.py", line 644, in send
    resp = conn.urlopen(
        method=request.method,
    ...<9 lines>...
        chunked=chunked,
    )
  File "C:\Users\veny9\AppData\Local\Programs\Python\Python313\Lib\site-packages\urllib3\connectionpool.py", line 841, in urlopen
    retries = retries.increment(
        method, url, error=new_e, _pool=self, _stacktrace=sys.exc_info()[2]
    )
  File "C:\Users\veny9\AppData\Local\Programs\Python\Python313\Lib\site-packages\urllib3\util\retry.py", line 519, in increment
    raise MaxRetryError(_pool, url, reason) from reason  # type: ignore[arg-type]
    ^^^^^^^^^^^^^^^^^^^^^^^^^^^^^^^^^^^^^^^^^^^^^^^^^^^
urllib3.exceptions.MaxRetryError: HTTPSConnectionPool(host='api.telegram.org', port=443): Max retries exceeded with url: /bot8024124421:AAHt0KvhPObxMu0uhOJWtGozSTy7AwD8DIo/getMe (Caused by ProxyError('Unable to connect to proxy', ConnectTimeoutError(<urllib3.connection.HTTPSConnection object at 0x0000023C211B9090>, 'Connection to 185.242.5.44 timed out. (connect timeout=15)')))

During handling of the above exception, another exception occurred:

Traceback (most recent call last):
  File "C:\Users\veny9\AppData\Local\Programs\Python\Python313\Lib\site-packages\telebot\__init__.py", line 955, in infinity_polling
    self.polling(non_stop=True, timeout=timeout, long_polling_timeout=long_polling_timeout,
    ~~~~~~~~~~~~^^^^^^^^^^^^^^^^^^^^^^^^^^^^^^^^^^^^^^^^^^^^^^^^^^^^^^^^^^^^^^^^^^^^^^^^^^^
                 logger_level=logger_level, allowed_updates=allowed_updates, restart_on_change=False,
                 ^^^^^^^^^^^^^^^^^^^^^^^^^^^^^^^^^^^^^^^^^^^^^^^^^^^^^^^^^^^^^^^^^^^^^^^^^^^^^^^^^^^^
                 *args, **kwargs)
                 ^^^^^^^^^^^^^^^^
  File "C:\Users\veny9\AppData\Local\Programs\Python\Python313\Lib\site-packages\telebot\__init__.py", line 1040, in polling
    logger.info('Starting your bot with username: [@%s]', self.user.username)
                                                          ^^^^^^^^^
  File "C:\Users\veny9\AppData\Local\Programs\Python\Python313\Lib\site-packages\telebot\__init__.py", line 273, in user
    self._user = self.get_me()
                 ~~~~~~~~~~~^^
  File "C:\Users\veny9\AppData\Local\Programs\Python\Python313\Lib\site-packages\telebot\__init__.py", line 1236, in get_me
    result = apihelper.get_me(self.token)
  File "C:\Users\veny9\AppData\Local\Programs\Python\Python313\Lib\site-packages\telebot\apihelper.py", line 196, in get_me
    return _make_request(token, method_url)
  File "C:\Users\veny9\AppData\Local\Programs\Python\Python313\Lib\site-packages\telebot\apihelper.py", line 156, in _make_request
    result = _get_req_session().request(
        method, request_url, params=params, files=files,
        timeout=(connect_timeout, read_timeout), proxies=proxy)
  File "C:\Users\veny9\AppData\Local\Programs\Python\Python313\Lib\site-packages\requests\sessions.py", line 589, in request
    resp = self.send(prep, **send_kwargs)
  File "C:\Users\veny9\AppData\Local\Programs\Python\Python313\Lib\site-packages\requests\sessions.py", line 703, in send
    r = adapter.send(request, **kwargs)
  File "C:\Users\veny9\AppData\Local\Programs\Python\Python313\Lib\site-packages\requests\adapters.py", line 671, in send
    raise ProxyError(e, request=request)
requests.exceptions.ProxyError: HTTPSConnectionPool(host='api.telegram.org', port=443): Max retries exceeded with url: /bot8024124421:AAHt0KvhPObxMu0uhOJWtGozSTy7AwD8DIo/getMe (Caused by ProxyError('Unable to connect to proxy', ConnectTimeoutError(<urllib3.connection.HTTPSConnection object at 0x0000023C211B9090>, 'Connection to 185.242.5.44 timed out. (connect timeout=15)')))

2025-12-16 02:48:04,564 - TeleBot - ERROR - Infinity polling exception: HTTPSConnectionPool(host='api.telegram.org', port=443): Max retries exceeded with url: /bot8024124421:AAHt0KvhPObxMu0uhOJWtGozSTy7AwD8DIo/getMe (Caused by ProxyError('Unable to connect to proxy', ConnectTimeoutError(<urllib3.connection.HTTPSConnection object at 0x0000023C211B9450>, 'Connection to 185.242.5.44 timed out. (connect timeout=15)')))
2025-12-16 02:48:04,570 - TeleBot - ERROR - Exception traceback:
Traceback (most recent call last):
  File "C:\Users\veny9\AppData\Local\Programs\Python\Python313\Lib\site-packages\urllib3\connection.py", line 198, in _new_conn
    sock = connection.create_connection(
        (self._dns_host, self.port),
    ...<2 lines>...
        socket_options=self.socket_options,
    )
  File "C:\Users\veny9\AppData\Local\Programs\Python\Python313\Lib\site-packages\urllib3\util\connection.py", line 85, in create_connection
    raise err
  File "C:\Users\veny9\AppData\Local\Programs\Python\Python313\Lib\site-packages\urllib3\util\connection.py", line 73, in create_connection
    sock.connect(sa)
    ~~~~~~~~~~~~^^^^
TimeoutError: timed out

The above exception was the direct cause of the following exception:

Traceback (most recent call last):
  File "C:\Users\veny9\AppData\Local\Programs\Python\Python313\Lib\site-packages\urllib3\connectionpool.py", line 773, in urlopen
    self._prepare_proxy(conn)
    ~~~~~~~~~~~~~~~~~~~^^^^^^
  File "C:\Users\veny9\AppData\Local\Programs\Python\Python313\Lib\site-packages\urllib3\connectionpool.py", line 1042, in _prepare_proxy
    conn.connect()
    ~~~~~~~~~~~~^^
  File "C:\Users\veny9\AppData\Local\Programs\Python\Python313\Lib\site-packages\urllib3\connection.py", line 753, in connect
    self.sock = sock = self._new_conn()
                       ~~~~~~~~~~~~~~^^
  File "C:\Users\veny9\AppData\Local\Programs\Python\Python313\Lib\site-packages\urllib3\connection.py", line 207, in _new_conn
    raise ConnectTimeoutError(
    ...<2 lines>...
    ) from e
urllib3.exceptions.ConnectTimeoutError: (<urllib3.connection.HTTPSConnection object at 0x0000023C211B9450>, 'Connection to 185.242.5.44 timed out. (connect timeout=15)')

The above exception was the direct cause of the following exception:

urllib3.exceptions.ProxyError: ('Unable to connect to proxy', ConnectTimeoutError(<urllib3.connection.HTTPSConnection object at 0x0000023C211B9450>, 'Connection to 185.242.5.44 timed out. (connect timeout=15)'))

The above exception was the direct cause of the following exception:

Traceback (most recent call last):
  File "C:\Users\veny9\AppData\Local\Programs\Python\Python313\Lib\site-packages\requests\adapters.py", line 644, in send
    resp = conn.urlopen(
        method=request.method,
    ...<9 lines>...
        chunked=chunked,
    )
  File "C:\Users\veny9\AppData\Local\Programs\Python\Python313\Lib\site-packages\urllib3\connectionpool.py", line 841, in urlopen
    retries = retries.increment(
        method, url, error=new_e, _pool=self, _stacktrace=sys.exc_info()[2]
    )
  File "C:\Users\veny9\AppData\Local\Programs\Python\Python313\Lib\site-packages\urllib3\util\retry.py", line 519, in increment
    raise MaxRetryError(_pool, url, reason) from reason  # type: ignore[arg-type]
    ^^^^^^^^^^^^^^^^^^^^^^^^^^^^^^^^^^^^^^^^^^^^^^^^^^^
urllib3.exceptions.MaxRetryError: HTTPSConnectionPool(host='api.telegram.org', port=443): Max retries exceeded with url: /bot8024124421:AAHt0KvhPObxMu0uhOJWtGozSTy7AwD8DIo/getMe (Caused by ProxyError('Unable to connect to proxy', ConnectTimeoutError(<urllib3.connection.HTTPSConnection object at 0x0000023C211B9450>, 'Connection to 185.242.5.44 timed out. (connect timeout=15)')))

During handling of the above exception, another exception occurred:

Traceback (most recent call last):
  File "C:\Users\veny9\AppData\Local\Programs\Python\Python313\Lib\site-packages\telebot\__init__.py", line 955, in infinity_polling
    self.polling(non_stop=True, timeout=timeout, long_polling_timeout=long_polling_timeout,
    ~~~~~~~~~~~~^^^^^^^^^^^^^^^^^^^^^^^^^^^^^^^^^^^^^^^^^^^^^^^^^^^^^^^^^^^^^^^^^^^^^^^^^^^
                 logger_level=logger_level, allowed_updates=allowed_updates, restart_on_change=False,
                 ^^^^^^^^^^^^^^^^^^^^^^^^^^^^^^^^^^^^^^^^^^^^^^^^^^^^^^^^^^^^^^^^^^^^^^^^^^^^^^^^^^^^
                 *args, **kwargs)
                 ^^^^^^^^^^^^^^^^
  File "C:\Users\veny9\AppData\Local\Programs\Python\Python313\Lib\site-packages\telebot\__init__.py", line 1040, in polling
    logger.info('Starting your bot with username: [@%s]', self.user.username)
                                                          ^^^^^^^^^
  File "C:\Users\veny9\AppData\Local\Programs\Python\Python313\Lib\site-packages\telebot\__init__.py", line 273, in user
    self._user = self.get_me()
                 ~~~~~~~~~~~^^
  File "C:\Users\veny9\AppData\Local\Programs\Python\Python313\Lib\site-packages\telebot\__init__.py", line 1236, in get_me
    result = apihelper.get_me(self.token)
  File "C:\Users\veny9\AppData\Local\Programs\Python\Python313\Lib\site-packages\telebot\apihelper.py", line 196, in get_me
    return _make_request(token, method_url)
  File "C:\Users\veny9\AppData\Local\Programs\Python\Python313\Lib\site-packages\telebot\apihelper.py", line 156, in _make_request
    result = _get_req_session().request(
        method, request_url, params=params, files=files,
        timeout=(connect_timeout, read_timeout), proxies=proxy)
  File "C:\Users\veny9\AppData\Local\Programs\Python\Python313\Lib\site-packages\requests\sessions.py", line 589, in request
    resp = self.send(prep, **send_kwargs)
  File "C:\Users\veny9\AppData\Local\Programs\Python\Python313\Lib\site-packages\requests\sessions.py", line 703, in send
    r = adapter.send(request, **kwargs)
  File "C:\Users\veny9\AppData\Local\Programs\Python\Python313\Lib\site-packages\requests\adapters.py", line 671, in send
    raise ProxyError(e, request=request)
requests.exceptions.ProxyError: HTTPSConnectionPool(host='api.telegram.org', port=443): Max retries exceeded with url: /bot8024124421:AAHt0KvhPObxMu0uhOJWtGozSTy7AwD8DIo/getMe (Caused by ProxyError('Unable to connect to proxy', ConnectTimeoutError(<urllib3.connection.HTTPSConnection object at 0x0000023C211B9450>, 'Connection to 185.242.5.44 timed out. (connect timeout=15)')))

2025-12-16 02:48:22,582 - TeleBot - ERROR - Infinity polling exception: HTTPSConnectionPool(host='api.telegram.org', port=443): Max retries exceeded with url: /bot8024124421:AAHt0KvhPObxMu0uhOJWtGozSTy7AwD8DIo/getMe (Caused by ProxyError('Unable to connect to proxy', ConnectTimeoutError(<urllib3.connection.HTTPSConnection object at 0x0000023C211B9810>, 'Connection to 185.242.5.44 timed out. (connect timeout=15)')))
2025-12-16 02:48:22,586 - TeleBot - ERROR - Exception traceback:
Traceback (most recent call last):
  File "C:\Users\veny9\AppData\Local\Programs\Python\Python313\Lib\site-packages\urllib3\connection.py", line 198, in _new_conn
    sock = connection.create_connection(
        (self._dns_host, self.port),
    ...<2 lines>...
        socket_options=self.socket_options,
    )
  File "C:\Users\veny9\AppData\Local\Programs\Python\Python313\Lib\site-packages\urllib3\util\connection.py", line 85, in create_connection
    raise err
  File "C:\Users\veny9\AppData\Local\Programs\Python\Python313\Lib\site-packages\urllib3\util\connection.py", line 73, in create_connection
    sock.connect(sa)
    ~~~~~~~~~~~~^^^^
TimeoutError: timed out

The above exception was the direct cause of the following exception:

Traceback (most recent call last):
  File "C:\Users\veny9\AppData\Local\Programs\Python\Python313\Lib\site-packages\urllib3\connectionpool.py", line 773, in urlopen
    self._prepare_proxy(conn)
    ~~~~~~~~~~~~~~~~~~~^^^^^^
  File "C:\Users\veny9\AppData\Local\Programs\Python\Python313\Lib\site-packages\urllib3\connectionpool.py", line 1042, in _prepare_proxy
    conn.connect()
    ~~~~~~~~~~~~^^
  File "C:\Users\veny9\AppData\Local\Programs\Python\Python313\Lib\site-packages\urllib3\connection.py", line 753, in connect
    self.sock = sock = self._new_conn()
                       ~~~~~~~~~~~~~~^^
  File "C:\Users\veny9\AppData\Local\Programs\Python\Python313\Lib\site-packages\urllib3\connection.py", line 207, in _new_conn
    raise ConnectTimeoutError(
    ...<2 lines>...
    ) from e
urllib3.exceptions.ConnectTimeoutError: (<urllib3.connection.HTTPSConnection object at 0x0000023C211B9810>, 'Connection to 185.242.5.44 timed out. (connect timeout=15)')

The above exception was the direct cause of the following exception:

urllib3.exceptions.ProxyError: ('Unable to connect to proxy', ConnectTimeoutError(<urllib3.connection.HTTPSConnection object at 0x0000023C211B9810>, 'Connection to 185.242.5.44 timed out. (connect timeout=15)'))

The above exception was the direct cause of the following exception:

Traceback (most recent call last):
  File "C:\Users\veny9\AppData\Local\Programs\Python\Python313\Lib\site-packages\requests\adapters.py", line 644, in send
    resp = conn.urlopen(
        method=request.method,
    ...<9 lines>...
        chunked=chunked,
    )
  File "C:\Users\veny9\AppData\Local\Programs\Python\Python313\Lib\site-packages\urllib3\connectionpool.py", line 841, in urlopen
    retries = retries.increment(
        method, url, error=new_e, _pool=self, _stacktrace=sys.exc_info()[2]
    )
  File "C:\Users\veny9\AppData\Local\Programs\Python\Python313\Lib\site-packages\urllib3\util\retry.py", line 519, in increment
    raise MaxRetryError(_pool, url, reason) from reason  # type: ignore[arg-type]
    ^^^^^^^^^^^^^^^^^^^^^^^^^^^^^^^^^^^^^^^^^^^^^^^^^^^
urllib3.exceptions.MaxRetryError: HTTPSConnectionPool(host='api.telegram.org', port=443): Max retries exceeded with url: /bot8024124421:AAHt0KvhPObxMu0uhOJWtGozSTy7AwD8DIo/getMe (Caused by ProxyError('Unable to connect to proxy', ConnectTimeoutError(<urllib3.connection.HTTPSConnection object at 0x0000023C211B9810>, 'Connection to 185.242.5.44 timed out. (connect timeout=15)')))

During handling of the above exception, another exception occurred:

Traceback (most recent call last):
  File "C:\Users\veny9\AppData\Local\Programs\Python\Python313\Lib\site-packages\telebot\__init__.py", line 955, in infinity_polling
    self.polling(non_stop=True, timeout=timeout, long_polling_timeout=long_polling_timeout,
    ~~~~~~~~~~~~^^^^^^^^^^^^^^^^^^^^^^^^^^^^^^^^^^^^^^^^^^^^^^^^^^^^^^^^^^^^^^^^^^^^^^^^^^^
                 logger_level=logger_level, allowed_updates=allowed_updates, restart_on_change=False,
                 ^^^^^^^^^^^^^^^^^^^^^^^^^^^^^^^^^^^^^^^^^^^^^^^^^^^^^^^^^^^^^^^^^^^^^^^^^^^^^^^^^^^^
                 *args, **kwargs)
                 ^^^^^^^^^^^^^^^^
  File "C:\Users\veny9\AppData\Local\Programs\Python\Python313\Lib\site-packages\telebot\__init__.py", line 1040, in polling
    logger.info('Starting your bot with username: [@%s]', self.user.username)
                                                          ^^^^^^^^^
  File "C:\Users\veny9\AppData\Local\Programs\Python\Python313\Lib\site-packages\telebot\__init__.py", line 273, in user
    self._user = self.get_me()
                 ~~~~~~~~~~~^^
  File "C:\Users\veny9\AppData\Local\Programs\Python\Python313\Lib\site-packages\telebot\__init__.py", line 1236, in get_me
    result = apihelper.get_me(self.token)
  File "C:\Users\veny9\AppData\Local\Programs\Python\Python313\Lib\site-packages\telebot\apihelper.py", line 196, in get_me
    return _make_request(token, method_url)
  File "C:\Users\veny9\AppData\Local\Programs\Python\Python313\Lib\site-packages\telebot\apihelper.py", line 156, in _make_request
    result = _get_req_session().request(
        method, request_url, params=params, files=files,
        timeout=(connect_timeout, read_timeout), proxies=proxy)
  File "C:\Users\veny9\AppData\Local\Programs\Python\Python313\Lib\site-packages\requests\sessions.py", line 589, in request
    resp = self.send(prep, **send_kwargs)
  File "C:\Users\veny9\AppData\Local\Programs\Python\Python313\Lib\site-packages\requests\sessions.py", line 703, in send
    r = adapter.send(request, **kwargs)
  File "C:\Users\veny9\AppData\Local\Programs\Python\Python313\Lib\site-packages\requests\adapters.py", line 671, in send
    raise ProxyError(e, request=request)
requests.exceptions.ProxyError: HTTPSConnectionPool(host='api.telegram.org', port=443): Max retries exceeded with url: /bot8024124421:AAHt0KvhPObxMu0uhOJWtGozSTy7AwD8DIo/getMe (Caused by ProxyError('Unable to connect to proxy', ConnectTimeoutError(<urllib3.connection.HTTPSConnection object at 0x0000023C211B9810>, 'Connection to 185.242.5.44 timed out. (connect timeout=15)')))

2025-12-16 02:48:40,604 - TeleBot - ERROR - Infinity polling exception: HTTPSConnectionPool(host='api.telegram.org', port=443): Max retries exceeded with url: /bot8024124421:AAHt0KvhPObxMu0uhOJWtGozSTy7AwD8DIo/getMe (Caused by ProxyError('Unable to connect to proxy', ConnectTimeoutError(<urllib3.connection.HTTPSConnection object at 0x0000023C211B9BD0>, 'Connection to 185.242.5.44 timed out. (connect timeout=15)')))
2025-12-16 02:48:40,608 - TeleBot - ERROR - Exception traceback:
Traceback (most recent call last):
  File "C:\Users\veny9\AppData\Local\Programs\Python\Python313\Lib\site-packages\urllib3\connection.py", line 198, in _new_conn
    sock = connection.create_connection(
        (self._dns_host, self.port),
    ...<2 lines>...
        socket_options=self.socket_options,
    )
  File "C:\Users\veny9\AppData\Local\Programs\Python\Python313\Lib\site-packages\urllib3\util\connection.py", line 85, in create_connection
    raise err
  File "C:\Users\veny9\AppData\Local\Programs\Python\Python313\Lib\site-packages\urllib3\util\connection.py", line 73, in create_connection
    sock.connect(sa)
    ~~~~~~~~~~~~^^^^
TimeoutError: timed out

The above exception was the direct cause of the following exception:

Traceback (most recent call last):
  File "C:\Users\veny9\AppData\Local\Programs\Python\Python313\Lib\site-packages\urllib3\connectionpool.py", line 773, in urlopen
    self._prepare_proxy(conn)
    ~~~~~~~~~~~~~~~~~~~^^^^^^
  File "C:\Users\veny9\AppData\Local\Programs\Python\Python313\Lib\site-packages\urllib3\connectionpool.py", line 1042, in _prepare_proxy
    conn.connect()
    ~~~~~~~~~~~~^^
  File "C:\Users\veny9\AppData\Local\Programs\Python\Python313\Lib\site-packages\urllib3\connection.py", line 753, in connect
    self.sock = sock = self._new_conn()
                       ~~~~~~~~~~~~~~^^
  File "C:\Users\veny9\AppData\Local\Programs\Python\Python313\Lib\site-packages\urllib3\connection.py", line 207, in _new_conn
    raise ConnectTimeoutError(
    ...<2 lines>...
    ) from e
urllib3.exceptions.ConnectTimeoutError: (<urllib3.connection.HTTPSConnection object at 0x0000023C211B9BD0>, 'Connection to 185.242.5.44 timed out. (connect timeout=15)')

The above exception was the direct cause of the following exception:

urllib3.exceptions.ProxyError: ('Unable to connect to proxy', ConnectTimeoutError(<urllib3.connection.HTTPSConnection object at 0x0000023C211B9BD0>, 'Connection to 185.242.5.44 timed out. (connect timeout=15)'))

The above exception was the direct cause of the following exception:

Traceback (most recent call last):
  File "C:\Users\veny9\AppData\Local\Programs\Python\Python313\Lib\site-packages\requests\adapters.py", line 644, in send
    resp = conn.urlopen(
        method=request.method,
    ...<9 lines>...
        chunked=chunked,
    )
  File "C:\Users\veny9\AppData\Local\Programs\Python\Python313\Lib\site-packages\urllib3\connectionpool.py", line 841, in urlopen
    retries = retries.increment(
        method, url, error=new_e, _pool=self, _stacktrace=sys.exc_info()[2]
    )
  File "C:\Users\veny9\AppData\Local\Programs\Python\Python313\Lib\site-packages\urllib3\util\retry.py", line 519, in increment
    raise MaxRetryError(_pool, url, reason) from reason  # type: ignore[arg-type]
    ^^^^^^^^^^^^^^^^^^^^^^^^^^^^^^^^^^^^^^^^^^^^^^^^^^^
urllib3.exceptions.MaxRetryError: HTTPSConnectionPool(host='api.telegram.org', port=443): Max retries exceeded with url: /bot8024124421:AAHt0KvhPObxMu0uhOJWtGozSTy7AwD8DIo/getMe (Caused by ProxyError('Unable to connect to proxy', ConnectTimeoutError(<urllib3.connection.HTTPSConnection object at 0x0000023C211B9BD0>, 'Connection to 185.242.5.44 timed out. (connect timeout=15)')))

During handling of the above exception, another exception occurred:

Traceback (most recent call last):
  File "C:\Users\veny9\AppData\Local\Programs\Python\Python313\Lib\site-packages\telebot\__init__.py", line 955, in infinity_polling
    self.polling(non_stop=True, timeout=timeout, long_polling_timeout=long_polling_timeout,
    ~~~~~~~~~~~~^^^^^^^^^^^^^^^^^^^^^^^^^^^^^^^^^^^^^^^^^^^^^^^^^^^^^^^^^^^^^^^^^^^^^^^^^^^
                 logger_level=logger_level, allowed_updates=allowed_updates, restart_on_change=False,
                 ^^^^^^^^^^^^^^^^^^^^^^^^^^^^^^^^^^^^^^^^^^^^^^^^^^^^^^^^^^^^^^^^^^^^^^^^^^^^^^^^^^^^
                 *args, **kwargs)
                 ^^^^^^^^^^^^^^^^
  File "C:\Users\veny9\AppData\Local\Programs\Python\Python313\Lib\site-packages\telebot\__init__.py", line 1040, in polling
    logger.info('Starting your bot with username: [@%s]', self.user.username)
                                                          ^^^^^^^^^
  File "C:\Users\veny9\AppData\Local\Programs\Python\Python313\Lib\site-packages\telebot\__init__.py", line 273, in user
    self._user = self.get_me()
                 ~~~~~~~~~~~^^
  File "C:\Users\veny9\AppData\Local\Programs\Python\Python313\Lib\site-packages\telebot\__init__.py", line 1236, in get_me
    result = apihelper.get_me(self.token)
  File "C:\Users\veny9\AppData\Local\Programs\Python\Python313\Lib\site-packages\telebot\apihelper.py", line 196, in get_me
    return _make_request(token, method_url)
  File "C:\Users\veny9\AppData\Local\Programs\Python\Python313\Lib\site-packages\telebot\apihelper.py", line 156, in _make_request
    result = _get_req_session().request(
        method, request_url, params=params, files=files,
        timeout=(connect_timeout, read_timeout), proxies=proxy)
  File "C:\Users\veny9\AppData\Local\Programs\Python\Python313\Lib\site-packages\requests\sessions.py", line 589, in request
    resp = self.send(prep, **send_kwargs)
  File "C:\Users\veny9\AppData\Local\Programs\Python\Python313\Lib\site-packages\requests\sessions.py", line 703, in send
    r = adapter.send(request, **kwargs)
  File "C:\Users\veny9\AppData\Local\Programs\Python\Python313\Lib\site-packages\requests\adapters.py", line 671, in send
    raise ProxyError(e, request=request)
requests.exceptions.ProxyError: HTTPSConnectionPool(host='api.telegram.org', port=443): Max retries exceeded with url: /bot8024124421:AAHt0KvhPObxMu0uhOJWtGozSTy7AwD8DIo/getMe (Caused by ProxyError('Unable to connect to proxy', ConnectTimeoutError(<urllib3.connection.HTTPSConnection object at 0x0000023C211B9BD0>, 'Connection to 185.242.5.44 timed out. (connect timeout=15)')))

2025-12-16 02:48:58,622 - TeleBot - ERROR - Infinity polling exception: HTTPSConnectionPool(host='api.telegram.org', port=443): Max retries exceeded with url: /bot8024124421:AAHt0KvhPObxMu0uhOJWtGozSTy7AwD8DIo/getMe (Caused by ProxyError('Unable to connect to proxy', ConnectTimeoutError(<urllib3.connection.HTTPSConnection object at 0x0000023C211B9F90>, 'Connection to 185.242.5.44 timed out. (connect timeout=15)')))
2025-12-16 02:48:58,626 - TeleBot - ERROR - Exception traceback:
Traceback (most recent call last):
  File "C:\Users\veny9\AppData\Local\Programs\Python\Python313\Lib\site-packages\urllib3\connection.py", line 198, in _new_conn
    sock = connection.create_connection(
        (self._dns_host, self.port),
    ...<2 lines>...
        socket_options=self.socket_options,
    )
  File "C:\Users\veny9\AppData\Local\Programs\Python\Python313\Lib\site-packages\urllib3\util\connection.py", line 85, in create_connection
    raise err
  File "C:\Users\veny9\AppData\Local\Programs\Python\Python313\Lib\site-packages\urllib3\util\connection.py", line 73, in create_connection
    sock.connect(sa)
    ~~~~~~~~~~~~^^^^
TimeoutError: timed out

The above exception was the direct cause of the following exception:

Traceback (most recent call last):
  File "C:\Users\veny9\AppData\Local\Programs\Python\Python313\Lib\site-packages\urllib3\connectionpool.py", line 773, in urlopen
    self._prepare_proxy(conn)
    ~~~~~~~~~~~~~~~~~~~^^^^^^
  File "C:\Users\veny9\AppData\Local\Programs\Python\Python313\Lib\site-packages\urllib3\connectionpool.py", line 1042, in _prepare_proxy
    conn.connect()
    ~~~~~~~~~~~~^^
  File "C:\Users\veny9\AppData\Local\Programs\Python\Python313\Lib\site-packages\urllib3\connection.py", line 753, in connect
    self.sock = sock = self._new_conn()
                       ~~~~~~~~~~~~~~^^
  File "C:\Users\veny9\AppData\Local\Programs\Python\Python313\Lib\site-packages\urllib3\connection.py", line 207, in _new_conn
    raise ConnectTimeoutError(
    ...<2 lines>...
    ) from e
urllib3.exceptions.ConnectTimeoutError: (<urllib3.connection.HTTPSConnection object at 0x0000023C211B9F90>, 'Connection to 185.242.5.44 timed out. (connect timeout=15)')

The above exception was the direct cause of the following exception:

urllib3.exceptions.ProxyError: ('Unable to connect to proxy', ConnectTimeoutError(<urllib3.connection.HTTPSConnection object at 0x0000023C211B9F90>, 'Connection to 185.242.5.44 timed out. (connect timeout=15)'))

The above exception was the direct cause of the following exception:

Traceback (most recent call last):
  File "C:\Users\veny9\AppData\Local\Programs\Python\Python313\Lib\site-packages\requests\adapters.py", line 644, in send
    resp = conn.urlopen(
        method=request.method,
    ...<9 lines>...
        chunked=chunked,
    )
  File "C:\Users\veny9\AppData\Local\Programs\Python\Python313\Lib\site-packages\urllib3\connectionpool.py", line 841, in urlopen
    retries = retries.increment(
        method, url, error=new_e, _pool=self, _stacktrace=sys.exc_info()[2]
    )
  File "C:\Users\veny9\AppData\Local\Programs\Python\Python313\Lib\site-packages\urllib3\util\retry.py", line 519, in increment
    raise MaxRetryError(_pool, url, reason) from reason  # type: ignore[arg-type]
    ^^^^^^^^^^^^^^^^^^^^^^^^^^^^^^^^^^^^^^^^^^^^^^^^^^^
urllib3.exceptions.MaxRetryError: HTTPSConnectionPool(host='api.telegram.org', port=443): Max retries exceeded with url: /bot8024124421:AAHt0KvhPObxMu0uhOJWtGozSTy7AwD8DIo/getMe (Caused by ProxyError('Unable to connect to proxy', ConnectTimeoutError(<urllib3.connection.HTTPSConnection object at 0x0000023C211B9F90>, 'Connection to 185.242.5.44 timed out. (connect timeout=15)')))

During handling of the above exception, another exception occurred:

Traceback (most recent call last):
  File "C:\Users\veny9\AppData\Local\Programs\Python\Python313\Lib\site-packages\telebot\__init__.py", line 955, in infinity_polling
    self.polling(non_stop=True, timeout=timeout, long_polling_timeout=long_polling_timeout,
    ~~~~~~~~~~~~^^^^^^^^^^^^^^^^^^^^^^^^^^^^^^^^^^^^^^^^^^^^^^^^^^^^^^^^^^^^^^^^^^^^^^^^^^^
                 logger_level=logger_level, allowed_updates=allowed_updates, restart_on_change=False,
                 ^^^^^^^^^^^^^^^^^^^^^^^^^^^^^^^^^^^^^^^^^^^^^^^^^^^^^^^^^^^^^^^^^^^^^^^^^^^^^^^^^^^^
                 *args, **kwargs)
                 ^^^^^^^^^^^^^^^^
  File "C:\Users\veny9\AppData\Local\Programs\Python\Python313\Lib\site-packages\telebot\__init__.py", line 1040, in polling
    logger.info('Starting your bot with username: [@%s]', self.user.username)
                                                          ^^^^^^^^^
  File "C:\Users\veny9\AppData\Local\Programs\Python\Python313\Lib\site-packages\telebot\__init__.py", line 273, in user
    self._user = self.get_me()
                 ~~~~~~~~~~~^^
  File "C:\Users\veny9\AppData\Local\Programs\Python\Python313\Lib\site-packages\telebot\__init__.py", line 1236, in get_me
    result = apihelper.get_me(self.token)
  File "C:\Users\veny9\AppData\Local\Programs\Python\Python313\Lib\site-packages\telebot\apihelper.py", line 196, in get_me
    return _make_request(token, method_url)
  File "C:\Users\veny9\AppData\Local\Programs\Python\Python313\Lib\site-packages\telebot\apihelper.py", line 156, in _make_request
    result = _get_req_session().request(
        method, request_url, params=params, files=files,
        timeout=(connect_timeout, read_timeout), proxies=proxy)
  File "C:\Users\veny9\AppData\Local\Programs\Python\Python313\Lib\site-packages\requests\sessions.py", line 589, in request
    resp = self.send(prep, **send_kwargs)
  File "C:\Users\veny9\AppData\Local\Programs\Python\Python313\Lib\site-packages\requests\sessions.py", line 703, in send
    r = adapter.send(request, **kwargs)
  File "C:\Users\veny9\AppData\Local\Programs\Python\Python313\Lib\site-packages\requests\adapters.py", line 671, in send
    raise ProxyError(e, request=request)
requests.exceptions.ProxyError: HTTPSConnectionPool(host='api.telegram.org', port=443): Max retries exceeded with url: /bot8024124421:AAHt0KvhPObxMu0uhOJWtGozSTy7AwD8DIo/getMe (Caused by ProxyError('Unable to connect to proxy', ConnectTimeoutError(<urllib3.connection.HTTPSConnection object at 0x0000023C211B9F90>, 'Connection to 185.242.5.44 timed out. (connect timeout=15)')))

2025-12-16 02:49:16,637 - TeleBot - ERROR - Infinity polling exception: HTTPSConnectionPool(host='api.telegram.org', port=443): Max retries exceeded with url: /bot8024124421:AAHt0KvhPObxMu0uhOJWtGozSTy7AwD8DIo/getMe (Caused by ProxyError('Unable to connect to proxy', ConnectTimeoutError(<urllib3.connection.HTTPSConnection object at 0x0000023C211BA350>, 'Connection to 185.242.5.44 timed out. (connect timeout=15)')))
2025-12-16 02:49:16,640 - TeleBot - ERROR - Exception traceback:
Traceback (most recent call last):
  File "C:\Users\veny9\AppData\Local\Programs\Python\Python313\Lib\site-packages\urllib3\connection.py", line 198, in _new_conn
    sock = connection.create_connection(
        (self._dns_host, self.port),
    ...<2 lines>...
        socket_options=self.socket_options,
    )
  File "C:\Users\veny9\AppData\Local\Programs\Python\Python313\Lib\site-packages\urllib3\util\connection.py", line 85, in create_connection
    raise err
  File "C:\Users\veny9\AppData\Local\Programs\Python\Python313\Lib\site-packages\urllib3\util\connection.py", line 73, in create_connection
    sock.connect(sa)
    ~~~~~~~~~~~~^^^^
TimeoutError: timed out

The above exception was the direct cause of the following exception:

Traceback (most recent call last):
  File "C:\Users\veny9\AppData\Local\Programs\Python\Python313\Lib\site-packages\urllib3\connectionpool.py", line 773, in urlopen
    self._prepare_proxy(conn)
    ~~~~~~~~~~~~~~~~~~~^^^^^^
  File "C:\Users\veny9\AppData\Local\Programs\Python\Python313\Lib\site-packages\urllib3\connectionpool.py", line 1042, in _prepare_proxy
    conn.connect()
    ~~~~~~~~~~~~^^
  File "C:\Users\veny9\AppData\Local\Programs\Python\Python313\Lib\site-packages\urllib3\connection.py", line 753, in connect
    self.sock = sock = self._new_conn()
                       ~~~~~~~~~~~~~~^^
  File "C:\Users\veny9\AppData\Local\Programs\Python\Python313\Lib\site-packages\urllib3\connection.py", line 207, in _new_conn
    raise ConnectTimeoutError(
    ...<2 lines>...
    ) from e
urllib3.exceptions.ConnectTimeoutError: (<urllib3.connection.HTTPSConnection object at 0x0000023C211BA350>, 'Connection to 185.242.5.44 timed out. (connect timeout=15)')

The above exception was the direct cause of the following exception:

urllib3.exceptions.ProxyError: ('Unable to connect to proxy', ConnectTimeoutError(<urllib3.connection.HTTPSConnection object at 0x0000023C211BA350>, 'Connection to 185.242.5.44 timed out. (connect timeout=15)'))

The above exception was the direct cause of the following exception:

Traceback (most recent call last):
  File "C:\Users\veny9\AppData\Local\Programs\Python\Python313\Lib\site-packages\requests\adapters.py", line 644, in send
    resp = conn.urlopen(
        method=request.method,
    ...<9 lines>...
        chunked=chunked,
    )
  File "C:\Users\veny9\AppData\Local\Programs\Python\Python313\Lib\site-packages\urllib3\connectionpool.py", line 841, in urlopen
    retries = retries.increment(
        method, url, error=new_e, _pool=self, _stacktrace=sys.exc_info()[2]
    )
  File "C:\Users\veny9\AppData\Local\Programs\Python\Python313\Lib\site-packages\urllib3\util\retry.py", line 519, in increment
    raise MaxRetryError(_pool, url, reason) from reason  # type: ignore[arg-type]
    ^^^^^^^^^^^^^^^^^^^^^^^^^^^^^^^^^^^^^^^^^^^^^^^^^^^
urllib3.exceptions.MaxRetryError: HTTPSConnectionPool(host='api.telegram.org', port=443): Max retries exceeded with url: /bot8024124421:AAHt0KvhPObxMu0uhOJWtGozSTy7AwD8DIo/getMe (Caused by ProxyError('Unable to connect to proxy', ConnectTimeoutError(<urllib3.connection.HTTPSConnection object at 0x0000023C211BA350>, 'Connection to 185.242.5.44 timed out. (connect timeout=15)')))

During handling of the above exception, another exception occurred:

Traceback (most recent call last):
  File "C:\Users\veny9\AppData\Local\Programs\Python\Python313\Lib\site-packages\telebot\__init__.py", line 955, in infinity_polling
    self.polling(non_stop=True, timeout=timeout, long_polling_timeout=long_polling_timeout,
    ~~~~~~~~~~~~^^^^^^^^^^^^^^^^^^^^^^^^^^^^^^^^^^^^^^^^^^^^^^^^^^^^^^^^^^^^^^^^^^^^^^^^^^^
                 logger_level=logger_level, allowed_updates=allowed_updates, restart_on_change=False,
                 ^^^^^^^^^^^^^^^^^^^^^^^^^^^^^^^^^^^^^^^^^^^^^^^^^^^^^^^^^^^^^^^^^^^^^^^^^^^^^^^^^^^^
                 *args, **kwargs)
                 ^^^^^^^^^^^^^^^^
  File "C:\Users\veny9\AppData\Local\Programs\Python\Python313\Lib\site-packages\telebot\__init__.py", line 1040, in polling
    logger.info('Starting your bot with username: [@%s]', self.user.username)
                                                          ^^^^^^^^^
  File "C:\Users\veny9\AppData\Local\Programs\Python\Python313\Lib\site-packages\telebot\__init__.py", line 273, in user
    self._user = self.get_me()
                 ~~~~~~~~~~~^^
  File "C:\Users\veny9\AppData\Local\Programs\Python\Python313\Lib\site-packages\telebot\__init__.py", line 1236, in get_me
    result = apihelper.get_me(self.token)
  File "C:\Users\veny9\AppData\Local\Programs\Python\Python313\Lib\site-packages\telebot\apihelper.py", line 196, in get_me
    return _make_request(token, method_url)
  File "C:\Users\veny9\AppData\Local\Programs\Python\Python313\Lib\site-packages\telebot\apihelper.py", line 156, in _make_request
    result = _get_req_session().request(
        method, request_url, params=params, files=files,
        timeout=(connect_timeout, read_timeout), proxies=proxy)
  File "C:\Users\veny9\AppData\Local\Programs\Python\Python313\Lib\site-packages\requests\sessions.py", line 589, in request
    resp = self.send(prep, **send_kwargs)
  File "C:\Users\veny9\AppData\Local\Programs\Python\Python313\Lib\site-packages\requests\sessions.py", line 703, in send
    r = adapter.send(request, **kwargs)
  File "C:\Users\veny9\AppData\Local\Programs\Python\Python313\Lib\site-packages\requests\adapters.py", line 671, in send
    raise ProxyError(e, request=request)
requests.exceptions.ProxyError: HTTPSConnectionPool(host='api.telegram.org', port=443): Max retries exceeded with url: /bot8024124421:AAHt0KvhPObxMu0uhOJWtGozSTy7AwD8DIo/getMe (Caused by ProxyError('Unable to connect to proxy', ConnectTimeoutError(<urllib3.connection.HTTPSConnection object at 0x0000023C211BA350>, 'Connection to 185.242.5.44 timed out. (connect timeout=15)')))

2025-12-16 02:49:34,643 - TeleBot - ERROR - Infinity polling exception: HTTPSConnectionPool(host='api.telegram.org', port=443): Max retries exceeded with url: /bot8024124421:AAHt0KvhPObxMu0uhOJWtGozSTy7AwD8DIo/getMe (Caused by ProxyError('Unable to connect to proxy', ConnectTimeoutError(<urllib3.connection.HTTPSConnection object at 0x0000023C211BA710>, 'Connection to 185.242.5.44 timed out. (connect timeout=15)')))
2025-12-16 02:49:34,648 - TeleBot - ERROR - Exception traceback:
Traceback (most recent call last):
  File "C:\Users\veny9\AppData\Local\Programs\Python\Python313\Lib\site-packages\urllib3\connection.py", line 198, in _new_conn
    sock = connection.create_connection(
        (self._dns_host, self.port),
    ...<2 lines>...
        socket_options=self.socket_options,
    )
  File "C:\Users\veny9\AppData\Local\Programs\Python\Python313\Lib\site-packages\urllib3\util\connection.py", line 85, in create_connection
    raise err
  File "C:\Users\veny9\AppData\Local\Programs\Python\Python313\Lib\site-packages\urllib3\util\connection.py", line 73, in create_connection
    sock.connect(sa)
    ~~~~~~~~~~~~^^^^
TimeoutError: timed out

The above exception was the direct cause of the following exception:

Traceback (most recent call last):
  File "C:\Users\veny9\AppData\Local\Programs\Python\Python313\Lib\site-packages\urllib3\connectionpool.py", line 773, in urlopen
    self._prepare_proxy(conn)
    ~~~~~~~~~~~~~~~~~~~^^^^^^
  File "C:\Users\veny9\AppData\Local\Programs\Python\Python313\Lib\site-packages\urllib3\connectionpool.py", line 1042, in _prepare_proxy
    conn.connect()
    ~~~~~~~~~~~~^^
  File "C:\Users\veny9\AppData\Local\Programs\Python\Python313\Lib\site-packages\urllib3\connection.py", line 753, in connect
    self.sock = sock = self._new_conn()
                       ~~~~~~~~~~~~~~^^
  File "C:\Users\veny9\AppData\Local\Programs\Python\Python313\Lib\site-packages\urllib3\connection.py", line 207, in _new_conn
    raise ConnectTimeoutError(
    ...<2 lines>...
    ) from e
urllib3.exceptions.ConnectTimeoutError: (<urllib3.connection.HTTPSConnection object at 0x0000023C211BA710>, 'Connection to 185.242.5.44 timed out. (connect timeout=15)')

The above exception was the direct cause of the following exception:

urllib3.exceptions.ProxyError: ('Unable to connect to proxy', ConnectTimeoutError(<urllib3.connection.HTTPSConnection object at 0x0000023C211BA710>, 'Connection to 185.242.5.44 timed out. (connect timeout=15)'))

The above exception was the direct cause of the following exception:

Traceback (most recent call last):
  File "C:\Users\veny9\AppData\Local\Programs\Python\Python313\Lib\site-packages\requests\adapters.py", line 644, in send
    resp = conn.urlopen(
        method=request.method,
    ...<9 lines>...
        chunked=chunked,
    )
  File "C:\Users\veny9\AppData\Local\Programs\Python\Python313\Lib\site-packages\urllib3\connectionpool.py", line 841, in urlopen
    retries = retries.increment(
        method, url, error=new_e, _pool=self, _stacktrace=sys.exc_info()[2]
    )
  File "C:\Users\veny9\AppData\Local\Programs\Python\Python313\Lib\site-packages\urllib3\util\retry.py", line 519, in increment
    raise MaxRetryError(_pool, url, reason) from reason  # type: ignore[arg-type]
    ^^^^^^^^^^^^^^^^^^^^^^^^^^^^^^^^^^^^^^^^^^^^^^^^^^^
urllib3.exceptions.MaxRetryError: HTTPSConnectionPool(host='api.telegram.org', port=443): Max retries exceeded with url: /bot8024124421:AAHt0KvhPObxMu0uhOJWtGozSTy7AwD8DIo/getMe (Caused by ProxyError('Unable to connect to proxy', ConnectTimeoutError(<urllib3.connection.HTTPSConnection object at 0x0000023C211BA710>, 'Connection to 185.242.5.44 timed out. (connect timeout=15)')))

During handling of the above exception, another exception occurred:

Traceback (most recent call last):
  File "C:\Users\veny9\AppData\Local\Programs\Python\Python313\Lib\site-packages\telebot\__init__.py", line 955, in infinity_polling
    self.polling(non_stop=True, timeout=timeout, long_polling_timeout=long_polling_timeout,
    ~~~~~~~~~~~~^^^^^^^^^^^^^^^^^^^^^^^^^^^^^^^^^^^^^^^^^^^^^^^^^^^^^^^^^^^^^^^^^^^^^^^^^^^
                 logger_level=logger_level, allowed_updates=allowed_updates, restart_on_change=False,
                 ^^^^^^^^^^^^^^^^^^^^^^^^^^^^^^^^^^^^^^^^^^^^^^^^^^^^^^^^^^^^^^^^^^^^^^^^^^^^^^^^^^^^
                 *args, **kwargs)
                 ^^^^^^^^^^^^^^^^
  File "C:\Users\veny9\AppData\Local\Programs\Python\Python313\Lib\site-packages\telebot\__init__.py", line 1040, in polling
    logger.info('Starting your bot with username: [@%s]', self.user.username)
                                                          ^^^^^^^^^
  File "C:\Users\veny9\AppData\Local\Programs\Python\Python313\Lib\site-packages\telebot\__init__.py", line 273, in user
    self._user = self.get_me()
                 ~~~~~~~~~~~^^
  File "C:\Users\veny9\AppData\Local\Programs\Python\Python313\Lib\site-packages\telebot\__init__.py", line 1236, in get_me
    result = apihelper.get_me(self.token)
  File "C:\Users\veny9\AppData\Local\Programs\Python\Python313\Lib\site-packages\telebot\apihelper.py", line 196, in get_me
    return _make_request(token, method_url)
  File "C:\Users\veny9\AppData\Local\Programs\Python\Python313\Lib\site-packages\telebot\apihelper.py", line 156, in _make_request
    result = _get_req_session().request(
        method, request_url, params=params, files=files,
        timeout=(connect_timeout, read_timeout), proxies=proxy)
  File "C:\Users\veny9\AppData\Local\Programs\Python\Python313\Lib\site-packages\requests\sessions.py", line 589, in request
    resp = self.send(prep, **send_kwargs)
  File "C:\Users\veny9\AppData\Local\Programs\Python\Python313\Lib\site-packages\requests\sessions.py", line 703, in send
    r = adapter.send(request, **kwargs)
  File "C:\Users\veny9\AppData\Local\Programs\Python\Python313\Lib\site-packages\requests\adapters.py", line 671, in send
    raise ProxyError(e, request=request)
requests.exceptions.ProxyError: HTTPSConnectionPool(host='api.telegram.org', port=443): Max retries exceeded with url: /bot8024124421:AAHt0KvhPObxMu0uhOJWtGozSTy7AwD8DIo/getMe (Caused by ProxyError('Unable to connect to proxy', ConnectTimeoutError(<urllib3.connection.HTTPSConnection object at 0x0000023C211BA710>, 'Connection to 185.242.5.44 timed out. (connect timeout=15)')))

2025-12-16 02:49:52,658 - TeleBot - ERROR - Infinity polling exception: HTTPSConnectionPool(host='api.telegram.org', port=443): Max retries exceeded with url: /bot8024124421:AAHt0KvhPObxMu0uhOJWtGozSTy7AwD8DIo/getMe (Caused by ProxyError('Unable to connect to proxy', ConnectTimeoutError(<urllib3.connection.HTTPSConnection object at 0x0000023C211BAAD0>, 'Connection to 185.242.5.44 timed out. (connect timeout=15)')))
2025-12-16 02:49:52,663 - TeleBot - ERROR - Exception traceback:
Traceback (most recent call last):
  File "C:\Users\veny9\AppData\Local\Programs\Python\Python313\Lib\site-packages\urllib3\connection.py", line 198, in _new_conn
    sock = connection.create_connection(
        (self._dns_host, self.port),
    ...<2 lines>...
        socket_options=self.socket_options,
    )
  File "C:\Users\veny9\AppData\Local\Programs\Python\Python313\Lib\site-packages\urllib3\util\connection.py", line 85, in create_connection
    raise err
  File "C:\Users\veny9\AppData\Local\Programs\Python\Python313\Lib\site-packages\urllib3\util\connection.py", line 73, in create_connection
    sock.connect(sa)
    ~~~~~~~~~~~~^^^^
TimeoutError: timed out

The above exception was the direct cause of the following exception:

Traceback (most recent call last):
  File "C:\Users\veny9\AppData\Local\Programs\Python\Python313\Lib\site-packages\urllib3\connectionpool.py", line 773, in urlopen
    self._prepare_proxy(conn)
    ~~~~~~~~~~~~~~~~~~~^^^^^^
  File "C:\Users\veny9\AppData\Local\Programs\Python\Python313\Lib\site-packages\urllib3\connectionpool.py", line 1042, in _prepare_proxy
    conn.connect()
    ~~~~~~~~~~~~^^
  File "C:\Users\veny9\AppData\Local\Programs\Python\Python313\Lib\site-packages\urllib3\connection.py", line 753, in connect
    self.sock = sock = self._new_conn()
                       ~~~~~~~~~~~~~~^^
  File "C:\Users\veny9\AppData\Local\Programs\Python\Python313\Lib\site-packages\urllib3\connection.py", line 207, in _new_conn
    raise ConnectTimeoutError(
    ...<2 lines>...
    ) from e
urllib3.exceptions.ConnectTimeoutError: (<urllib3.connection.HTTPSConnection object at 0x0000023C211BAAD0>, 'Connection to 185.242.5.44 timed out. (connect timeout=15)')

The above exception was the direct cause of the following exception:

urllib3.exceptions.ProxyError: ('Unable to connect to proxy', ConnectTimeoutError(<urllib3.connection.HTTPSConnection object at 0x0000023C211BAAD0>, 'Connection to 185.242.5.44 timed out. (connect timeout=15)'))

The above exception was the direct cause of the following exception:

Traceback (most recent call last):
  File "C:\Users\veny9\AppData\Local\Programs\Python\Python313\Lib\site-packages\requests\adapters.py", line 644, in send
    resp = conn.urlopen(
        method=request.method,
    ...<9 lines>...
        chunked=chunked,
    )
  File "C:\Users\veny9\AppData\Local\Programs\Python\Python313\Lib\site-packages\urllib3\connectionpool.py", line 841, in urlopen
    retries = retries.increment(
        method, url, error=new_e, _pool=self, _stacktrace=sys.exc_info()[2]
    )
  File "C:\Users\veny9\AppData\Local\Programs\Python\Python313\Lib\site-packages\urllib3\util\retry.py", line 519, in increment
    raise MaxRetryError(_pool, url, reason) from reason  # type: ignore[arg-type]
    ^^^^^^^^^^^^^^^^^^^^^^^^^^^^^^^^^^^^^^^^^^^^^^^^^^^
urllib3.exceptions.MaxRetryError: HTTPSConnectionPool(host='api.telegram.org', port=443): Max retries exceeded with url: /bot8024124421:AAHt0KvhPObxMu0uhOJWtGozSTy7AwD8DIo/getMe (Caused by ProxyError('Unable to connect to proxy', ConnectTimeoutError(<urllib3.connection.HTTPSConnection object at 0x0000023C211BAAD0>, 'Connection to 185.242.5.44 timed out. (connect timeout=15)')))

During handling of the above exception, another exception occurred:

Traceback (most recent call last):
  File "C:\Users\veny9\AppData\Local\Programs\Python\Python313\Lib\site-packages\telebot\__init__.py", line 955, in infinity_polling
    self.polling(non_stop=True, timeout=timeout, long_polling_timeout=long_polling_timeout,
    ~~~~~~~~~~~~^^^^^^^^^^^^^^^^^^^^^^^^^^^^^^^^^^^^^^^^^^^^^^^^^^^^^^^^^^^^^^^^^^^^^^^^^^^
                 logger_level=logger_level, allowed_updates=allowed_updates, restart_on_change=False,
                 ^^^^^^^^^^^^^^^^^^^^^^^^^^^^^^^^^^^^^^^^^^^^^^^^^^^^^^^^^^^^^^^^^^^^^^^^^^^^^^^^^^^^
                 *args, **kwargs)
                 ^^^^^^^^^^^^^^^^
  File "C:\Users\veny9\AppData\Local\Programs\Python\Python313\Lib\site-packages\telebot\__init__.py", line 1040, in polling
    logger.info('Starting your bot with username: [@%s]', self.user.username)
                                                          ^^^^^^^^^
  File "C:\Users\veny9\AppData\Local\Programs\Python\Python313\Lib\site-packages\telebot\__init__.py", line 273, in user
    self._user = self.get_me()
                 ~~~~~~~~~~~^^
  File "C:\Users\veny9\AppData\Local\Programs\Python\Python313\Lib\site-packages\telebot\__init__.py", line 1236, in get_me
    result = apihelper.get_me(self.token)
  File "C:\Users\veny9\AppData\Local\Programs\Python\Python313\Lib\site-packages\telebot\apihelper.py", line 196, in get_me
    return _make_request(token, method_url)
  File "C:\Users\veny9\AppData\Local\Programs\Python\Python313\Lib\site-packages\telebot\apihelper.py", line 156, in _make_request
    result = _get_req_session().request(
        method, request_url, params=params, files=files,
        timeout=(connect_timeout, read_timeout), proxies=proxy)
  File "C:\Users\veny9\AppData\Local\Programs\Python\Python313\Lib\site-packages\requests\sessions.py", line 589, in request
    resp = self.send(prep, **send_kwargs)
  File "C:\Users\veny9\AppData\Local\Programs\Python\Python313\Lib\site-packages\requests\sessions.py", line 703, in send
    r = adapter.send(request, **kwargs)
  File "C:\Users\veny9\AppData\Local\Programs\Python\Python313\Lib\site-packages\requests\adapters.py", line 671, in send
    raise ProxyError(e, request=request)
requests.exceptions.ProxyError: HTTPSConnectionPool(host='api.telegram.org', port=443): Max retries exceeded with url: /bot8024124421:AAHt0KvhPObxMu0uhOJWtGozSTy7AwD8DIo/getMe (Caused by ProxyError('Unable to connect to proxy', ConnectTimeoutError(<urllib3.connection.HTTPSConnection object at 0x0000023C211BAAD0>, 'Connection to 185.242.5.44 timed out. (connect timeout=15)')))

2025-12-16 02:50:10,669 - TeleBot - ERROR - Infinity polling exception: HTTPSConnectionPool(host='api.telegram.org', port=443): Max retries exceeded with url: /bot8024124421:AAHt0KvhPObxMu0uhOJWtGozSTy7AwD8DIo/getMe (Caused by ProxyError('Unable to connect to proxy', ConnectTimeoutError(<urllib3.connection.HTTPSConnection object at 0x0000023C2102AC10>, 'Connection to 185.242.5.44 timed out. (connect timeout=15)')))
2025-12-16 02:50:10,673 - TeleBot - ERROR - Exception traceback:
Traceback (most recent call last):
  File "C:\Users\veny9\AppData\Local\Programs\Python\Python313\Lib\site-packages\urllib3\connection.py", line 198, in _new_conn
    sock = connection.create_connection(
        (self._dns_host, self.port),
    ...<2 lines>...
        socket_options=self.socket_options,
    )
  File "C:\Users\veny9\AppData\Local\Programs\Python\Python313\Lib\site-packages\urllib3\util\connection.py", line 85, in create_connection
    raise err
  File "C:\Users\veny9\AppData\Local\Programs\Python\Python313\Lib\site-packages\urllib3\util\connection.py", line 73, in create_connection
    sock.connect(sa)
    ~~~~~~~~~~~~^^^^
TimeoutError: timed out

The above exception was the direct cause of the following exception:

Traceback (most recent call last):
  File "C:\Users\veny9\AppData\Local\Programs\Python\Python313\Lib\site-packages\urllib3\connectionpool.py", line 773, in urlopen
    self._prepare_proxy(conn)
    ~~~~~~~~~~~~~~~~~~~^^^^^^
  File "C:\Users\veny9\AppData\Local\Programs\Python\Python313\Lib\site-packages\urllib3\connectionpool.py", line 1042, in _prepare_proxy
    conn.connect()
    ~~~~~~~~~~~~^^
  File "C:\Users\veny9\AppData\Local\Programs\Python\Python313\Lib\site-packages\urllib3\connection.py", line 753, in connect
    self.sock = sock = self._new_conn()
                       ~~~~~~~~~~~~~~^^
  File "C:\Users\veny9\AppData\Local\Programs\Python\Python313\Lib\site-packages\urllib3\connection.py", line 207, in _new_conn
    raise ConnectTimeoutError(
    ...<2 lines>...
    ) from e
urllib3.exceptions.ConnectTimeoutError: (<urllib3.connection.HTTPSConnection object at 0x0000023C2102AC10>, 'Connection to 185.242.5.44 timed out. (connect timeout=15)')

The above exception was the direct cause of the following exception:

urllib3.exceptions.ProxyError: ('Unable to connect to proxy', ConnectTimeoutError(<urllib3.connection.HTTPSConnection object at 0x0000023C2102AC10>, 'Connection to 185.242.5.44 timed out. (connect timeout=15)'))

The above exception was the direct cause of the following exception:

Traceback (most recent call last):
  File "C:\Users\veny9\AppData\Local\Programs\Python\Python313\Lib\site-packages\requests\adapters.py", line 644, in send
    resp = conn.urlopen(
        method=request.method,
    ...<9 lines>...
        chunked=chunked,
    )
  File "C:\Users\veny9\AppData\Local\Programs\Python\Python313\Lib\site-packages\urllib3\connectionpool.py", line 841, in urlopen
    retries = retries.increment(
        method, url, error=new_e, _pool=self, _stacktrace=sys.exc_info()[2]
    )
  File "C:\Users\veny9\AppData\Local\Programs\Python\Python313\Lib\site-packages\urllib3\util\retry.py", line 519, in increment
    raise MaxRetryError(_pool, url, reason) from reason  # type: ignore[arg-type]
    ^^^^^^^^^^^^^^^^^^^^^^^^^^^^^^^^^^^^^^^^^^^^^^^^^^^
urllib3.exceptions.MaxRetryError: HTTPSConnectionPool(host='api.telegram.org', port=443): Max retries exceeded with url: /bot8024124421:AAHt0KvhPObxMu0uhOJWtGozSTy7AwD8DIo/getMe (Caused by ProxyError('Unable to connect to proxy', ConnectTimeoutError(<urllib3.connection.HTTPSConnection object at 0x0000023C2102AC10>, 'Connection to 185.242.5.44 timed out. (connect timeout=15)')))

During handling of the above exception, another exception occurred:

Traceback (most recent call last):
  File "C:\Users\veny9\AppData\Local\Programs\Python\Python313\Lib\site-packages\telebot\__init__.py", line 955, in infinity_polling
    self.polling(non_stop=True, timeout=timeout, long_polling_timeout=long_polling_timeout,
    ~~~~~~~~~~~~^^^^^^^^^^^^^^^^^^^^^^^^^^^^^^^^^^^^^^^^^^^^^^^^^^^^^^^^^^^^^^^^^^^^^^^^^^^
                 logger_level=logger_level, allowed_updates=allowed_updates, restart_on_change=False,
                 ^^^^^^^^^^^^^^^^^^^^^^^^^^^^^^^^^^^^^^^^^^^^^^^^^^^^^^^^^^^^^^^^^^^^^^^^^^^^^^^^^^^^
                 *args, **kwargs)
                 ^^^^^^^^^^^^^^^^
  File "C:\Users\veny9\AppData\Local\Programs\Python\Python313\Lib\site-packages\telebot\__init__.py", line 1040, in polling
    logger.info('Starting your bot with username: [@%s]', self.user.username)
                                                          ^^^^^^^^^
  File "C:\Users\veny9\AppData\Local\Programs\Python\Python313\Lib\site-packages\telebot\__init__.py", line 273, in user
    self._user = self.get_me()
                 ~~~~~~~~~~~^^
  File "C:\Users\veny9\AppData\Local\Programs\Python\Python313\Lib\site-packages\telebot\__init__.py", line 1236, in get_me
    result = apihelper.get_me(self.token)
  File "C:\Users\veny9\AppData\Local\Programs\Python\Python313\Lib\site-packages\telebot\apihelper.py", line 196, in get_me
    return _make_request(token, method_url)
  File "C:\Users\veny9\AppData\Local\Programs\Python\Python313\Lib\site-packages\telebot\apihelper.py", line 156, in _make_request
    result = _get_req_session().request(
        method, request_url, params=params, files=files,
        timeout=(connect_timeout, read_timeout), proxies=proxy)
  File "C:\Users\veny9\AppData\Local\Programs\Python\Python313\Lib\site-packages\requests\sessions.py", line 589, in request
    resp = self.send(prep, **send_kwargs)
  File "C:\Users\veny9\AppData\Local\Programs\Python\Python313\Lib\site-packages\requests\sessions.py", line 703, in send
    r = adapter.send(request, **kwargs)
  File "C:\Users\veny9\AppData\Local\Programs\Python\Python313\Lib\site-packages\requests\adapters.py", line 671, in send
    raise ProxyError(e, request=request)
requests.exceptions.ProxyError: HTTPSConnectionPool(host='api.telegram.org', port=443): Max retries exceeded with url: /bot8024124421:AAHt0KvhPObxMu0uhOJWtGozSTy7AwD8DIo/getMe (Caused by ProxyError('Unable to connect to proxy', ConnectTimeoutError(<urllib3.connection.HTTPSConnection object at 0x0000023C2102AC10>, 'Connection to 185.242.5.44 timed out. (connect timeout=15)')))

2025-12-16 02:50:28,692 - TeleBot - ERROR - Infinity polling exception: HTTPSConnectionPool(host='api.telegram.org', port=443): Max retries exceeded with url: /bot8024124421:AAHt0KvhPObxMu0uhOJWtGozSTy7AwD8DIo/getMe (Caused by ProxyError('Unable to connect to proxy', ConnectTimeoutError(<urllib3.connection.HTTPSConnection object at 0x0000023C2102BED0>, 'Connection to 185.242.5.44 timed out. (connect timeout=15)')))
2025-12-16 02:50:28,696 - TeleBot - ERROR - Exception traceback:
Traceback (most recent call last):
  File "C:\Users\veny9\AppData\Local\Programs\Python\Python313\Lib\site-packages\urllib3\connection.py", line 198, in _new_conn
    sock = connection.create_connection(
        (self._dns_host, self.port),
    ...<2 lines>...
        socket_options=self.socket_options,
    )
  File "C:\Users\veny9\AppData\Local\Programs\Python\Python313\Lib\site-packages\urllib3\util\connection.py", line 85, in create_connection
    raise err
  File "C:\Users\veny9\AppData\Local\Programs\Python\Python313\Lib\site-packages\urllib3\util\connection.py", line 73, in create_connection
    sock.connect(sa)
    ~~~~~~~~~~~~^^^^
TimeoutError: timed out

The above exception was the direct cause of the following exception:

Traceback (most recent call last):
  File "C:\Users\veny9\AppData\Local\Programs\Python\Python313\Lib\site-packages\urllib3\connectionpool.py", line 773, in urlopen
    self._prepare_proxy(conn)
    ~~~~~~~~~~~~~~~~~~~^^^^^^
  File "C:\Users\veny9\AppData\Local\Programs\Python\Python313\Lib\site-packages\urllib3\connectionpool.py", line 1042, in _prepare_proxy
    conn.connect()
    ~~~~~~~~~~~~^^
  File "C:\Users\veny9\AppData\Local\Programs\Python\Python313\Lib\site-packages\urllib3\connection.py", line 753, in connect
    self.sock = sock = self._new_conn()
                       ~~~~~~~~~~~~~~^^
  File "C:\Users\veny9\AppData\Local\Programs\Python\Python313\Lib\site-packages\urllib3\connection.py", line 207, in _new_conn
    raise ConnectTimeoutError(
    ...<2 lines>...
    ) from e
urllib3.exceptions.ConnectTimeoutError: (<urllib3.connection.HTTPSConnection object at 0x0000023C2102BED0>, 'Connection to 185.242.5.44 timed out. (connect timeout=15)')

The above exception was the direct cause of the following exception:

urllib3.exceptions.ProxyError: ('Unable to connect to proxy', ConnectTimeoutError(<urllib3.connection.HTTPSConnection object at 0x0000023C2102BED0>, 'Connection to 185.242.5.44 timed out. (connect timeout=15)'))

The above exception was the direct cause of the following exception:

Traceback (most recent call last):
  File "C:\Users\veny9\AppData\Local\Programs\Python\Python313\Lib\site-packages\requests\adapters.py", line 644, in send
    resp = conn.urlopen(
        method=request.method,
    ...<9 lines>...
        chunked=chunked,
    )
  File "C:\Users\veny9\AppData\Local\Programs\Python\Python313\Lib\site-packages\urllib3\connectionpool.py", line 841, in urlopen
    retries = retries.increment(
        method, url, error=new_e, _pool=self, _stacktrace=sys.exc_info()[2]
    )
  File "C:\Users\veny9\AppData\Local\Programs\Python\Python313\Lib\site-packages\urllib3\util\retry.py", line 519, in increment
    raise MaxRetryError(_pool, url, reason) from reason  # type: ignore[arg-type]
    ^^^^^^^^^^^^^^^^^^^^^^^^^^^^^^^^^^^^^^^^^^^^^^^^^^^
urllib3.exceptions.MaxRetryError: HTTPSConnectionPool(host='api.telegram.org', port=443): Max retries exceeded with url: /bot8024124421:AAHt0KvhPObxMu0uhOJWtGozSTy7AwD8DIo/getMe (Caused by ProxyError('Unable to connect to proxy', ConnectTimeoutError(<urllib3.connection.HTTPSConnection object at 0x0000023C2102BED0>, 'Connection to 185.242.5.44 timed out. (connect timeout=15)')))

During handling of the above exception, another exception occurred:

Traceback (most recent call last):
  File "C:\Users\veny9\AppData\Local\Programs\Python\Python313\Lib\site-packages\telebot\__init__.py", line 955, in infinity_polling
    self.polling(non_stop=True, timeout=timeout, long_polling_timeout=long_polling_timeout,
    ~~~~~~~~~~~~^^^^^^^^^^^^^^^^^^^^^^^^^^^^^^^^^^^^^^^^^^^^^^^^^^^^^^^^^^^^^^^^^^^^^^^^^^^
                 logger_level=logger_level, allowed_updates=allowed_updates, restart_on_change=False,
                 ^^^^^^^^^^^^^^^^^^^^^^^^^^^^^^^^^^^^^^^^^^^^^^^^^^^^^^^^^^^^^^^^^^^^^^^^^^^^^^^^^^^^
                 *args, **kwargs)
                 ^^^^^^^^^^^^^^^^
  File "C:\Users\veny9\AppData\Local\Programs\Python\Python313\Lib\site-packages\telebot\__init__.py", line 1040, in polling
    logger.info('Starting your bot with username: [@%s]', self.user.username)
                                                          ^^^^^^^^^
  File "C:\Users\veny9\AppData\Local\Programs\Python\Python313\Lib\site-packages\telebot\__init__.py", line 273, in user
    self._user = self.get_me()
                 ~~~~~~~~~~~^^
  File "C:\Users\veny9\AppData\Local\Programs\Python\Python313\Lib\site-packages\telebot\__init__.py", line 1236, in get_me
    result = apihelper.get_me(self.token)
  File "C:\Users\veny9\AppData\Local\Programs\Python\Python313\Lib\site-packages\telebot\apihelper.py", line 196, in get_me
    return _make_request(token, method_url)
  File "C:\Users\veny9\AppData\Local\Programs\Python\Python313\Lib\site-packages\telebot\apihelper.py", line 156, in _make_request
    result = _get_req_session().request(
        method, request_url, params=params, files=files,
        timeout=(connect_timeout, read_timeout), proxies=proxy)
  File "C:\Users\veny9\AppData\Local\Programs\Python\Python313\Lib\site-packages\requests\sessions.py", line 589, in request
    resp = self.send(prep, **send_kwargs)
  File "C:\Users\veny9\AppData\Local\Programs\Python\Python313\Lib\site-packages\requests\sessions.py", line 703, in send
    r = adapter.send(request, **kwargs)
  File "C:\Users\veny9\AppData\Local\Programs\Python\Python313\Lib\site-packages\requests\adapters.py", line 671, in send
    raise ProxyError(e, request=request)
requests.exceptions.ProxyError: HTTPSConnectionPool(host='api.telegram.org', port=443): Max retries exceeded with url: /bot8024124421:AAHt0KvhPObxMu0uhOJWtGozSTy7AwD8DIo/getMe (Caused by ProxyError('Unable to connect to proxy', ConnectTimeoutError(<urllib3.connection.HTTPSConnection object at 0x0000023C2102BED0>, 'Connection to 185.242.5.44 timed out. (connect timeout=15)')))

2025-12-16 02:50:46,706 - TeleBot - ERROR - Infinity polling exception: HTTPSConnectionPool(host='api.telegram.org', port=443): Max retries exceeded with url: /bot8024124421:AAHt0KvhPObxMu0uhOJWtGozSTy7AwD8DIo/getMe (Caused by ProxyError('Unable to connect to proxy', ConnectTimeoutError(<urllib3.connection.HTTPSConnection object at 0x0000023C2102B890>, 'Connection to 185.242.5.44 timed out. (connect timeout=15)')))
2025-12-16 02:50:46,710 - TeleBot - ERROR - Exception traceback:
Traceback (most recent call last):
  File "C:\Users\veny9\AppData\Local\Programs\Python\Python313\Lib\site-packages\urllib3\connection.py", line 198, in _new_conn
    sock = connection.create_connection(
        (self._dns_host, self.port),
    ...<2 lines>...
        socket_options=self.socket_options,
    )
  File "C:\Users\veny9\AppData\Local\Programs\Python\Python313\Lib\site-packages\urllib3\util\connection.py", line 85, in create_connection
    raise err
  File "C:\Users\veny9\AppData\Local\Programs\Python\Python313\Lib\site-packages\urllib3\util\connection.py", line 73, in create_connection
    sock.connect(sa)
    ~~~~~~~~~~~~^^^^
TimeoutError: timed out

The above exception was the direct cause of the following exception:

Traceback (most recent call last):
  File "C:\Users\veny9\AppData\Local\Programs\Python\Python313\Lib\site-packages\urllib3\connectionpool.py", line 773, in urlopen
    self._prepare_proxy(conn)
    ~~~~~~~~~~~~~~~~~~~^^^^^^
  File "C:\Users\veny9\AppData\Local\Programs\Python\Python313\Lib\site-packages\urllib3\connectionpool.py", line 1042, in _prepare_proxy
    conn.connect()
    ~~~~~~~~~~~~^^
  File "C:\Users\veny9\AppData\Local\Programs\Python\Python313\Lib\site-packages\urllib3\connection.py", line 753, in connect
    self.sock = sock = self._new_conn()
                       ~~~~~~~~~~~~~~^^
  File "C:\Users\veny9\AppData\Local\Programs\Python\Python313\Lib\site-packages\urllib3\connection.py", line 207, in _new_conn
    raise ConnectTimeoutError(
    ...<2 lines>...
    ) from e
urllib3.exceptions.ConnectTimeoutError: (<urllib3.connection.HTTPSConnection object at 0x0000023C2102B890>, 'Connection to 185.242.5.44 timed out. (connect timeout=15)')

The above exception was the direct cause of the following exception:

urllib3.exceptions.ProxyError: ('Unable to connect to proxy', ConnectTimeoutError(<urllib3.connection.HTTPSConnection object at 0x0000023C2102B890>, 'Connection to 185.242.5.44 timed out. (connect timeout=15)'))

The above exception was the direct cause of the following exception:

Traceback (most recent call last):
  File "C:\Users\veny9\AppData\Local\Programs\Python\Python313\Lib\site-packages\requests\adapters.py", line 644, in send
    resp = conn.urlopen(
        method=request.method,
    ...<9 lines>...
        chunked=chunked,
    )
  File "C:\Users\veny9\AppData\Local\Programs\Python\Python313\Lib\site-packages\urllib3\connectionpool.py", line 841, in urlopen
    retries = retries.increment(
        method, url, error=new_e, _pool=self, _stacktrace=sys.exc_info()[2]
    )
  File "C:\Users\veny9\AppData\Local\Programs\Python\Python313\Lib\site-packages\urllib3\util\retry.py", line 519, in increment
    raise MaxRetryError(_pool, url, reason) from reason  # type: ignore[arg-type]
    ^^^^^^^^^^^^^^^^^^^^^^^^^^^^^^^^^^^^^^^^^^^^^^^^^^^
urllib3.exceptions.MaxRetryError: HTTPSConnectionPool(host='api.telegram.org', port=443): Max retries exceeded with url: /bot8024124421:AAHt0KvhPObxMu0uhOJWtGozSTy7AwD8DIo/getMe (Caused by ProxyError('Unable to connect to proxy', ConnectTimeoutError(<urllib3.connection.HTTPSConnection object at 0x0000023C2102B890>, 'Connection to 185.242.5.44 timed out. (connect timeout=15)')))

During handling of the above exception, another exception occurred:

Traceback (most recent call last):
  File "C:\Users\veny9\AppData\Local\Programs\Python\Python313\Lib\site-packages\telebot\__init__.py", line 955, in infinity_polling
    self.polling(non_stop=True, timeout=timeout, long_polling_timeout=long_polling_timeout,
    ~~~~~~~~~~~~^^^^^^^^^^^^^^^^^^^^^^^^^^^^^^^^^^^^^^^^^^^^^^^^^^^^^^^^^^^^^^^^^^^^^^^^^^^
                 logger_level=logger_level, allowed_updates=allowed_updates, restart_on_change=False,
                 ^^^^^^^^^^^^^^^^^^^^^^^^^^^^^^^^^^^^^^^^^^^^^^^^^^^^^^^^^^^^^^^^^^^^^^^^^^^^^^^^^^^^
                 *args, **kwargs)
                 ^^^^^^^^^^^^^^^^
  File "C:\Users\veny9\AppData\Local\Programs\Python\Python313\Lib\site-packages\telebot\__init__.py", line 1040, in polling
    logger.info('Starting your bot with username: [@%s]', self.user.username)
                                                          ^^^^^^^^^
  File "C:\Users\veny9\AppData\Local\Programs\Python\Python313\Lib\site-packages\telebot\__init__.py", line 273, in user
    self._user = self.get_me()
                 ~~~~~~~~~~~^^
  File "C:\Users\veny9\AppData\Local\Programs\Python\Python313\Lib\site-packages\telebot\__init__.py", line 1236, in get_me
    result = apihelper.get_me(self.token)
  File "C:\Users\veny9\AppData\Local\Programs\Python\Python313\Lib\site-packages\telebot\apihelper.py", line 196, in get_me
    return _make_request(token, method_url)
  File "C:\Users\veny9\AppData\Local\Programs\Python\Python313\Lib\site-packages\telebot\apihelper.py", line 156, in _make_request
    result = _get_req_session().request(
        method, request_url, params=params, files=files,
        timeout=(connect_timeout, read_timeout), proxies=proxy)
  File "C:\Users\veny9\AppData\Local\Programs\Python\Python313\Lib\site-packages\requests\sessions.py", line 589, in request
    resp = self.send(prep, **send_kwargs)
  File "C:\Users\veny9\AppData\Local\Programs\Python\Python313\Lib\site-packages\requests\sessions.py", line 703, in send
    r = adapter.send(request, **kwargs)
  File "C:\Users\veny9\AppData\Local\Programs\Python\Python313\Lib\site-packages\requests\adapters.py", line 671, in send
    raise ProxyError(e, request=request)
requests.exceptions.ProxyError: HTTPSConnectionPool(host='api.telegram.org', port=443): Max retries exceeded with url: /bot8024124421:AAHt0KvhPObxMu0uhOJWtGozSTy7AwD8DIo/getMe (Caused by ProxyError('Unable to connect to proxy', ConnectTimeoutError(<urllib3.connection.HTTPSConnection object at 0x0000023C2102B890>, 'Connection to 185.242.5.44 timed out. (connect timeout=15)')))

2025-12-16 02:51:04,720 - TeleBot - ERROR - Infinity polling exception: HTTPSConnectionPool(host='api.telegram.org', port=443): Max retries exceeded with url: /bot8024124421:AAHt0KvhPObxMu0uhOJWtGozSTy7AwD8DIo/getMe (Caused by ProxyError('Unable to connect to proxy', ConnectTimeoutError(<urllib3.connection.HTTPSConnection object at 0x0000023C2102A850>, 'Connection to 185.242.5.44 timed out. (connect timeout=15)')))
2025-12-16 02:51:04,724 - TeleBot - ERROR - Exception traceback:
Traceback (most recent call last):
  File "C:\Users\veny9\AppData\Local\Programs\Python\Python313\Lib\site-packages\urllib3\connection.py", line 198, in _new_conn
    sock = connection.create_connection(
        (self._dns_host, self.port),
    ...<2 lines>...
        socket_options=self.socket_options,
    )
  File "C:\Users\veny9\AppData\Local\Programs\Python\Python313\Lib\site-packages\urllib3\util\connection.py", line 85, in create_connection
    raise err
  File "C:\Users\veny9\AppData\Local\Programs\Python\Python313\Lib\site-packages\urllib3\util\connection.py", line 73, in create_connection
    sock.connect(sa)
    ~~~~~~~~~~~~^^^^
TimeoutError: timed out

The above exception was the direct cause of the following exception:

Traceback (most recent call last):
  File "C:\Users\veny9\AppData\Local\Programs\Python\Python313\Lib\site-packages\urllib3\connectionpool.py", line 773, in urlopen
    self._prepare_proxy(conn)
    ~~~~~~~~~~~~~~~~~~~^^^^^^
  File "C:\Users\veny9\AppData\Local\Programs\Python\Python313\Lib\site-packages\urllib3\connectionpool.py", line 1042, in _prepare_proxy
    conn.connect()
    ~~~~~~~~~~~~^^
  File "C:\Users\veny9\AppData\Local\Programs\Python\Python313\Lib\site-packages\urllib3\connection.py", line 753, in connect
    self.sock = sock = self._new_conn()
                       ~~~~~~~~~~~~~~^^
  File "C:\Users\veny9\AppData\Local\Programs\Python\Python313\Lib\site-packages\urllib3\connection.py", line 207, in _new_conn
    raise ConnectTimeoutError(
    ...<2 lines>...
    ) from e
urllib3.exceptions.ConnectTimeoutError: (<urllib3.connection.HTTPSConnection object at 0x0000023C2102A850>, 'Connection to 185.242.5.44 timed out. (connect timeout=15)')

The above exception was the direct cause of the following exception:

urllib3.exceptions.ProxyError: ('Unable to connect to proxy', ConnectTimeoutError(<urllib3.connection.HTTPSConnection object at 0x0000023C2102A850>, 'Connection to 185.242.5.44 timed out. (connect timeout=15)'))

The above exception was the direct cause of the following exception:

Traceback (most recent call last):
  File "C:\Users\veny9\AppData\Local\Programs\Python\Python313\Lib\site-packages\requests\adapters.py", line 644, in send
    resp = conn.urlopen(
        method=request.method,
    ...<9 lines>...
        chunked=chunked,
    )
  File "C:\Users\veny9\AppData\Local\Programs\Python\Python313\Lib\site-packages\urllib3\connectionpool.py", line 841, in urlopen
    retries = retries.increment(
        method, url, error=new_e, _pool=self, _stacktrace=sys.exc_info()[2]
    )
  File "C:\Users\veny9\AppData\Local\Programs\Python\Python313\Lib\site-packages\urllib3\util\retry.py", line 519, in increment
    raise MaxRetryError(_pool, url, reason) from reason  # type: ignore[arg-type]
    ^^^^^^^^^^^^^^^^^^^^^^^^^^^^^^^^^^^^^^^^^^^^^^^^^^^
urllib3.exceptions.MaxRetryError: HTTPSConnectionPool(host='api.telegram.org', port=443): Max retries exceeded with url: /bot8024124421:AAHt0KvhPObxMu0uhOJWtGozSTy7AwD8DIo/getMe (Caused by ProxyError('Unable to connect to proxy', ConnectTimeoutError(<urllib3.connection.HTTPSConnection object at 0x0000023C2102A850>, 'Connection to 185.242.5.44 timed out. (connect timeout=15)')))

During handling of the above exception, another exception occurred:

Traceback (most recent call last):
  File "C:\Users\veny9\AppData\Local\Programs\Python\Python313\Lib\site-packages\telebot\__init__.py", line 955, in infinity_polling
    self.polling(non_stop=True, timeout=timeout, long_polling_timeout=long_polling_timeout,
    ~~~~~~~~~~~~^^^^^^^^^^^^^^^^^^^^^^^^^^^^^^^^^^^^^^^^^^^^^^^^^^^^^^^^^^^^^^^^^^^^^^^^^^^
                 logger_level=logger_level, allowed_updates=allowed_updates, restart_on_change=False,
                 ^^^^^^^^^^^^^^^^^^^^^^^^^^^^^^^^^^^^^^^^^^^^^^^^^^^^^^^^^^^^^^^^^^^^^^^^^^^^^^^^^^^^
                 *args, **kwargs)
                 ^^^^^^^^^^^^^^^^
  File "C:\Users\veny9\AppData\Local\Programs\Python\Python313\Lib\site-packages\telebot\__init__.py", line 1040, in polling
    logger.info('Starting your bot with username: [@%s]', self.user.username)
                                                          ^^^^^^^^^
  File "C:\Users\veny9\AppData\Local\Programs\Python\Python313\Lib\site-packages\telebot\__init__.py", line 273, in user
    self._user = self.get_me()
                 ~~~~~~~~~~~^^
  File "C:\Users\veny9\AppData\Local\Programs\Python\Python313\Lib\site-packages\telebot\__init__.py", line 1236, in get_me
    result = apihelper.get_me(self.token)
  File "C:\Users\veny9\AppData\Local\Programs\Python\Python313\Lib\site-packages\telebot\apihelper.py", line 196, in get_me
    return _make_request(token, method_url)
  File "C:\Users\veny9\AppData\Local\Programs\Python\Python313\Lib\site-packages\telebot\apihelper.py", line 156, in _make_request
    result = _get_req_session().request(
        method, request_url, params=params, files=files,
        timeout=(connect_timeout, read_timeout), proxies=proxy)
  File "C:\Users\veny9\AppData\Local\Programs\Python\Python313\Lib\site-packages\requests\sessions.py", line 589, in request
    resp = self.send(prep, **send_kwargs)
  File "C:\Users\veny9\AppData\Local\Programs\Python\Python313\Lib\site-packages\requests\sessions.py", line 703, in send
    r = adapter.send(request, **kwargs)
  File "C:\Users\veny9\AppData\Local\Programs\Python\Python313\Lib\site-packages\requests\adapters.py", line 671, in send
    raise ProxyError(e, request=request)
requests.exceptions.ProxyError: HTTPSConnectionPool(host='api.telegram.org', port=443): Max retries exceeded with url: /bot8024124421:AAHt0KvhPObxMu0uhOJWtGozSTy7AwD8DIo/getMe (Caused by ProxyError('Unable to connect to proxy', ConnectTimeoutError(<urllib3.connection.HTTPSConnection object at 0x0000023C2102A850>, 'Connection to 185.242.5.44 timed out. (connect timeout=15)')))

2025-12-16 02:51:22,735 - TeleBot - ERROR - Infinity polling exception: HTTPSConnectionPool(host='api.telegram.org', port=443): Max retries exceeded with url: /bot8024124421:AAHt0KvhPObxMu0uhOJWtGozSTy7AwD8DIo/getMe (Caused by ProxyError('Unable to connect to proxy', ConnectTimeoutError(<urllib3.connection.HTTPSConnection object at 0x0000023C2102A5D0>, 'Connection to 185.242.5.44 timed out. (connect timeout=15)')))
2025-12-16 02:51:22,739 - TeleBot - ERROR - Exception traceback:
Traceback (most recent call last):
  File "C:\Users\veny9\AppData\Local\Programs\Python\Python313\Lib\site-packages\urllib3\connection.py", line 198, in _new_conn
    sock = connection.create_connection(
        (self._dns_host, self.port),
    ...<2 lines>...
        socket_options=self.socket_options,
    )
  File "C:\Users\veny9\AppData\Local\Programs\Python\Python313\Lib\site-packages\urllib3\util\connection.py", line 85, in create_connection
    raise err
  File "C:\Users\veny9\AppData\Local\Programs\Python\Python313\Lib\site-packages\urllib3\util\connection.py", line 73, in create_connection
    sock.connect(sa)
    ~~~~~~~~~~~~^^^^
TimeoutError: timed out

The above exception was the direct cause of the following exception:

Traceback (most recent call last):
  File "C:\Users\veny9\AppData\Local\Programs\Python\Python313\Lib\site-packages\urllib3\connectionpool.py", line 773, in urlopen
    self._prepare_proxy(conn)
    ~~~~~~~~~~~~~~~~~~~^^^^^^
  File "C:\Users\veny9\AppData\Local\Programs\Python\Python313\Lib\site-packages\urllib3\connectionpool.py", line 1042, in _prepare_proxy
    conn.connect()
    ~~~~~~~~~~~~^^
  File "C:\Users\veny9\AppData\Local\Programs\Python\Python313\Lib\site-packages\urllib3\connection.py", line 753, in connect
    self.sock = sock = self._new_conn()
                       ~~~~~~~~~~~~~~^^
  File "C:\Users\veny9\AppData\Local\Programs\Python\Python313\Lib\site-packages\urllib3\connection.py", line 207, in _new_conn
    raise ConnectTimeoutError(
    ...<2 lines>...
    ) from e
urllib3.exceptions.ConnectTimeoutError: (<urllib3.connection.HTTPSConnection object at 0x0000023C2102A5D0>, 'Connection to 185.242.5.44 timed out. (connect timeout=15)')

The above exception was the direct cause of the following exception:

urllib3.exceptions.ProxyError: ('Unable to connect to proxy', ConnectTimeoutError(<urllib3.connection.HTTPSConnection object at 0x0000023C2102A5D0>, 'Connection to 185.242.5.44 timed out. (connect timeout=15)'))

The above exception was the direct cause of the following exception:

Traceback (most recent call last):
  File "C:\Users\veny9\AppData\Local\Programs\Python\Python313\Lib\site-packages\requests\adapters.py", line 644, in send
    resp = conn.urlopen(
        method=request.method,
    ...<9 lines>...
        chunked=chunked,
    )
  File "C:\Users\veny9\AppData\Local\Programs\Python\Python313\Lib\site-packages\urllib3\connectionpool.py", line 841, in urlopen
    retries = retries.increment(
        method, url, error=new_e, _pool=self, _stacktrace=sys.exc_info()[2]
    )
  File "C:\Users\veny9\AppData\Local\Programs\Python\Python313\Lib\site-packages\urllib3\util\retry.py", line 519, in increment
    raise MaxRetryError(_pool, url, reason) from reason  # type: ignore[arg-type]
    ^^^^^^^^^^^^^^^^^^^^^^^^^^^^^^^^^^^^^^^^^^^^^^^^^^^
urllib3.exceptions.MaxRetryError: HTTPSConnectionPool(host='api.telegram.org', port=443): Max retries exceeded with url: /bot8024124421:AAHt0KvhPObxMu0uhOJWtGozSTy7AwD8DIo/getMe (Caused by ProxyError('Unable to connect to proxy', ConnectTimeoutError(<urllib3.connection.HTTPSConnection object at 0x0000023C2102A5D0>, 'Connection to 185.242.5.44 timed out. (connect timeout=15)')))

During handling of the above exception, another exception occurred:

Traceback (most recent call last):
  File "C:\Users\veny9\AppData\Local\Programs\Python\Python313\Lib\site-packages\telebot\__init__.py", line 955, in infinity_polling
    self.polling(non_stop=True, timeout=timeout, long_polling_timeout=long_polling_timeout,
    ~~~~~~~~~~~~^^^^^^^^^^^^^^^^^^^^^^^^^^^^^^^^^^^^^^^^^^^^^^^^^^^^^^^^^^^^^^^^^^^^^^^^^^^
                 logger_level=logger_level, allowed_updates=allowed_updates, restart_on_change=False,
                 ^^^^^^^^^^^^^^^^^^^^^^^^^^^^^^^^^^^^^^^^^^^^^^^^^^^^^^^^^^^^^^^^^^^^^^^^^^^^^^^^^^^^
                 *args, **kwargs)
                 ^^^^^^^^^^^^^^^^
  File "C:\Users\veny9\AppData\Local\Programs\Python\Python313\Lib\site-packages\telebot\__init__.py", line 1040, in polling
    logger.info('Starting your bot with username: [@%s]', self.user.username)
                                                          ^^^^^^^^^
  File "C:\Users\veny9\AppData\Local\Programs\Python\Python313\Lib\site-packages\telebot\__init__.py", line 273, in user
    self._user = self.get_me()
                 ~~~~~~~~~~~^^
  File "C:\Users\veny9\AppData\Local\Programs\Python\Python313\Lib\site-packages\telebot\__init__.py", line 1236, in get_me
    result = apihelper.get_me(self.token)
  File "C:\Users\veny9\AppData\Local\Programs\Python\Python313\Lib\site-packages\telebot\apihelper.py", line 196, in get_me
    return _make_request(token, method_url)
  File "C:\Users\veny9\AppData\Local\Programs\Python\Python313\Lib\site-packages\telebot\apihelper.py", line 156, in _make_request
    result = _get_req_session().request(
        method, request_url, params=params, files=files,
        timeout=(connect_timeout, read_timeout), proxies=proxy)
  File "C:\Users\veny9\AppData\Local\Programs\Python\Python313\Lib\site-packages\requests\sessions.py", line 589, in request
    resp = self.send(prep, **send_kwargs)
  File "C:\Users\veny9\AppData\Local\Programs\Python\Python313\Lib\site-packages\requests\sessions.py", line 703, in send
    r = adapter.send(request, **kwargs)
  File "C:\Users\veny9\AppData\Local\Programs\Python\Python313\Lib\site-packages\requests\adapters.py", line 671, in send
    raise ProxyError(e, request=request)
requests.exceptions.ProxyError: HTTPSConnectionPool(host='api.telegram.org', port=443): Max retries exceeded with url: /bot8024124421:AAHt0KvhPObxMu0uhOJWtGozSTy7AwD8DIo/getMe (Caused by ProxyError('Unable to connect to proxy', ConnectTimeoutError(<urllib3.connection.HTTPSConnection object at 0x0000023C2102A5D0>, 'Connection to 185.242.5.44 timed out. (connect timeout=15)')))

2025-12-16 02:51:40,751 - TeleBot - ERROR - Infinity polling exception: HTTPSConnectionPool(host='api.telegram.org', port=443): Max retries exceeded with url: /bot8024124421:AAHt0KvhPObxMu0uhOJWtGozSTy7AwD8DIo/getMe (Caused by ProxyError('Unable to connect to proxy', ConnectTimeoutError(<urllib3.connection.HTTPSConnection object at 0x0000023C211BA990>, 'Connection to 185.242.5.44 timed out. (connect timeout=15)')))
2025-12-16 02:51:40,755 - TeleBot - ERROR - Exception traceback:
Traceback (most recent call last):
  File "C:\Users\veny9\AppData\Local\Programs\Python\Python313\Lib\site-packages\urllib3\connection.py", line 198, in _new_conn
    sock = connection.create_connection(
        (self._dns_host, self.port),
    ...<2 lines>...
        socket_options=self.socket_options,
    )
  File "C:\Users\veny9\AppData\Local\Programs\Python\Python313\Lib\site-packages\urllib3\util\connection.py", line 85, in create_connection
    raise err
  File "C:\Users\veny9\AppData\Local\Programs\Python\Python313\Lib\site-packages\urllib3\util\connection.py", line 73, in create_connection
    sock.connect(sa)
    ~~~~~~~~~~~~^^^^
TimeoutError: timed out

The above exception was the direct cause of the following exception:

Traceback (most recent call last):
  File "C:\Users\veny9\AppData\Local\Programs\Python\Python313\Lib\site-packages\urllib3\connectionpool.py", line 773, in urlopen
    self._prepare_proxy(conn)
    ~~~~~~~~~~~~~~~~~~~^^^^^^
  File "C:\Users\veny9\AppData\Local\Programs\Python\Python313\Lib\site-packages\urllib3\connectionpool.py", line 1042, in _prepare_proxy
    conn.connect()
    ~~~~~~~~~~~~^^
  File "C:\Users\veny9\AppData\Local\Programs\Python\Python313\Lib\site-packages\urllib3\connection.py", line 753, in connect
    self.sock = sock = self._new_conn()
                       ~~~~~~~~~~~~~~^^
  File "C:\Users\veny9\AppData\Local\Programs\Python\Python313\Lib\site-packages\urllib3\connection.py", line 207, in _new_conn
    raise ConnectTimeoutError(
    ...<2 lines>...
    ) from e
urllib3.exceptions.ConnectTimeoutError: (<urllib3.connection.HTTPSConnection object at 0x0000023C211BA990>, 'Connection to 185.242.5.44 timed out. (connect timeout=15)')

The above exception was the direct cause of the following exception:

urllib3.exceptions.ProxyError: ('Unable to connect to proxy', ConnectTimeoutError(<urllib3.connection.HTTPSConnection object at 0x0000023C211BA990>, 'Connection to 185.242.5.44 timed out. (connect timeout=15)'))

The above exception was the direct cause of the following exception:

Traceback (most recent call last):
  File "C:\Users\veny9\AppData\Local\Programs\Python\Python313\Lib\site-packages\requests\adapters.py", line 644, in send
    resp = conn.urlopen(
        method=request.method,
    ...<9 lines>...
        chunked=chunked,
    )
  File "C:\Users\veny9\AppData\Local\Programs\Python\Python313\Lib\site-packages\urllib3\connectionpool.py", line 841, in urlopen
    retries = retries.increment(
        method, url, error=new_e, _pool=self, _stacktrace=sys.exc_info()[2]
    )
  File "C:\Users\veny9\AppData\Local\Programs\Python\Python313\Lib\site-packages\urllib3\util\retry.py", line 519, in increment
    raise MaxRetryError(_pool, url, reason) from reason  # type: ignore[arg-type]
    ^^^^^^^^^^^^^^^^^^^^^^^^^^^^^^^^^^^^^^^^^^^^^^^^^^^
urllib3.exceptions.MaxRetryError: HTTPSConnectionPool(host='api.telegram.org', port=443): Max retries exceeded with url: /bot8024124421:AAHt0KvhPObxMu0uhOJWtGozSTy7AwD8DIo/getMe (Caused by ProxyError('Unable to connect to proxy', ConnectTimeoutError(<urllib3.connection.HTTPSConnection object at 0x0000023C211BA990>, 'Connection to 185.242.5.44 timed out. (connect timeout=15)')))

During handling of the above exception, another exception occurred:

Traceback (most recent call last):
  File "C:\Users\veny9\AppData\Local\Programs\Python\Python313\Lib\site-packages\telebot\__init__.py", line 955, in infinity_polling
    self.polling(non_stop=True, timeout=timeout, long_polling_timeout=long_polling_timeout,
    ~~~~~~~~~~~~^^^^^^^^^^^^^^^^^^^^^^^^^^^^^^^^^^^^^^^^^^^^^^^^^^^^^^^^^^^^^^^^^^^^^^^^^^^
                 logger_level=logger_level, allowed_updates=allowed_updates, restart_on_change=False,
                 ^^^^^^^^^^^^^^^^^^^^^^^^^^^^^^^^^^^^^^^^^^^^^^^^^^^^^^^^^^^^^^^^^^^^^^^^^^^^^^^^^^^^
                 *args, **kwargs)
                 ^^^^^^^^^^^^^^^^
  File "C:\Users\veny9\AppData\Local\Programs\Python\Python313\Lib\site-packages\telebot\__init__.py", line 1040, in polling
    logger.info('Starting your bot with username: [@%s]', self.user.username)
                                                          ^^^^^^^^^
  File "C:\Users\veny9\AppData\Local\Programs\Python\Python313\Lib\site-packages\telebot\__init__.py", line 273, in user
    self._user = self.get_me()
                 ~~~~~~~~~~~^^
  File "C:\Users\veny9\AppData\Local\Programs\Python\Python313\Lib\site-packages\telebot\__init__.py", line 1236, in get_me
    result = apihelper.get_me(self.token)
  File "C:\Users\veny9\AppData\Local\Programs\Python\Python313\Lib\site-packages\telebot\apihelper.py", line 196, in get_me
    return _make_request(token, method_url)
  File "C:\Users\veny9\AppData\Local\Programs\Python\Python313\Lib\site-packages\telebot\apihelper.py", line 156, in _make_request
    result = _get_req_session().request(
        method, request_url, params=params, files=files,
        timeout=(connect_timeout, read_timeout), proxies=proxy)
  File "C:\Users\veny9\AppData\Local\Programs\Python\Python313\Lib\site-packages\requests\sessions.py", line 589, in request
    resp = self.send(prep, **send_kwargs)
  File "C:\Users\veny9\AppData\Local\Programs\Python\Python313\Lib\site-packages\requests\sessions.py", line 703, in send
    r = adapter.send(request, **kwargs)
  File "C:\Users\veny9\AppData\Local\Programs\Python\Python313\Lib\site-packages\requests\adapters.py", line 671, in send
    raise ProxyError(e, request=request)
requests.exceptions.ProxyError: HTTPSConnectionPool(host='api.telegram.org', port=443): Max retries exceeded with url: /bot8024124421:AAHt0KvhPObxMu0uhOJWtGozSTy7AwD8DIo/getMe (Caused by ProxyError('Unable to connect to proxy', ConnectTimeoutError(<urllib3.connection.HTTPSConnection object at 0x0000023C211BA990>, 'Connection to 185.242.5.44 timed out. (connect timeout=15)')))

2025-12-16 02:51:58,774 - TeleBot - ERROR - Infinity polling exception: HTTPSConnectionPool(host='api.telegram.org', port=443): Max retries exceeded with url: /bot8024124421:AAHt0KvhPObxMu0uhOJWtGozSTy7AwD8DIo/getMe (Caused by ProxyError('Unable to connect to proxy', ConnectTimeoutError(<urllib3.connection.HTTPSConnection object at 0x0000023C211BA5D0>, 'Connection to 185.242.5.44 timed out. (connect timeout=15)')))
2025-12-16 02:51:58,778 - TeleBot - ERROR - Exception traceback:
Traceback (most recent call last):
  File "C:\Users\veny9\AppData\Local\Programs\Python\Python313\Lib\site-packages\urllib3\connection.py", line 198, in _new_conn
    sock = connection.create_connection(
        (self._dns_host, self.port),
    ...<2 lines>...
        socket_options=self.socket_options,
    )
  File "C:\Users\veny9\AppData\Local\Programs\Python\Python313\Lib\site-packages\urllib3\util\connection.py", line 85, in create_connection
    raise err
  File "C:\Users\veny9\AppData\Local\Programs\Python\Python313\Lib\site-packages\urllib3\util\connection.py", line 73, in create_connection
    sock.connect(sa)
    ~~~~~~~~~~~~^^^^
TimeoutError: timed out

The above exception was the direct cause of the following exception:

Traceback (most recent call last):
  File "C:\Users\veny9\AppData\Local\Programs\Python\Python313\Lib\site-packages\urllib3\connectionpool.py", line 773, in urlopen
    self._prepare_proxy(conn)
    ~~~~~~~~~~~~~~~~~~~^^^^^^
  File "C:\Users\veny9\AppData\Local\Programs\Python\Python313\Lib\site-packages\urllib3\connectionpool.py", line 1042, in _prepare_proxy
    conn.connect()
    ~~~~~~~~~~~~^^
  File "C:\Users\veny9\AppData\Local\Programs\Python\Python313\Lib\site-packages\urllib3\connection.py", line 753, in connect
    self.sock = sock = self._new_conn()
                       ~~~~~~~~~~~~~~^^
  File "C:\Users\veny9\AppData\Local\Programs\Python\Python313\Lib\site-packages\urllib3\connection.py", line 207, in _new_conn
    raise ConnectTimeoutError(
    ...<2 lines>...
    ) from e
urllib3.exceptions.ConnectTimeoutError: (<urllib3.connection.HTTPSConnection object at 0x0000023C211BA5D0>, 'Connection to 185.242.5.44 timed out. (connect timeout=15)')

The above exception was the direct cause of the following exception:

urllib3.exceptions.ProxyError: ('Unable to connect to proxy', ConnectTimeoutError(<urllib3.connection.HTTPSConnection object at 0x0000023C211BA5D0>, 'Connection to 185.242.5.44 timed out. (connect timeout=15)'))

The above exception was the direct cause of the following exception:

Traceback (most recent call last):
  File "C:\Users\veny9\AppData\Local\Programs\Python\Python313\Lib\site-packages\requests\adapters.py", line 644, in send
    resp = conn.urlopen(
        method=request.method,
    ...<9 lines>...
        chunked=chunked,
    )
  File "C:\Users\veny9\AppData\Local\Programs\Python\Python313\Lib\site-packages\urllib3\connectionpool.py", line 841, in urlopen
    retries = retries.increment(
        method, url, error=new_e, _pool=self, _stacktrace=sys.exc_info()[2]
    )
  File "C:\Users\veny9\AppData\Local\Programs\Python\Python313\Lib\site-packages\urllib3\util\retry.py", line 519, in increment
    raise MaxRetryError(_pool, url, reason) from reason  # type: ignore[arg-type]
    ^^^^^^^^^^^^^^^^^^^^^^^^^^^^^^^^^^^^^^^^^^^^^^^^^^^
urllib3.exceptions.MaxRetryError: HTTPSConnectionPool(host='api.telegram.org', port=443): Max retries exceeded with url: /bot8024124421:AAHt0KvhPObxMu0uhOJWtGozSTy7AwD8DIo/getMe (Caused by ProxyError('Unable to connect to proxy', ConnectTimeoutError(<urllib3.connection.HTTPSConnection object at 0x0000023C211BA5D0>, 'Connection to 185.242.5.44 timed out. (connect timeout=15)')))

During handling of the above exception, another exception occurred:

Traceback (most recent call last):
  File "C:\Users\veny9\AppData\Local\Programs\Python\Python313\Lib\site-packages\telebot\__init__.py", line 955, in infinity_polling
    self.polling(non_stop=True, timeout=timeout, long_polling_timeout=long_polling_timeout,
    ~~~~~~~~~~~~^^^^^^^^^^^^^^^^^^^^^^^^^^^^^^^^^^^^^^^^^^^^^^^^^^^^^^^^^^^^^^^^^^^^^^^^^^^
                 logger_level=logger_level, allowed_updates=allowed_updates, restart_on_change=False,
                 ^^^^^^^^^^^^^^^^^^^^^^^^^^^^^^^^^^^^^^^^^^^^^^^^^^^^^^^^^^^^^^^^^^^^^^^^^^^^^^^^^^^^
                 *args, **kwargs)
                 ^^^^^^^^^^^^^^^^
  File "C:\Users\veny9\AppData\Local\Programs\Python\Python313\Lib\site-packages\telebot\__init__.py", line 1040, in polling
    logger.info('Starting your bot with username: [@%s]', self.user.username)
                                                          ^^^^^^^^^
  File "C:\Users\veny9\AppData\Local\Programs\Python\Python313\Lib\site-packages\telebot\__init__.py", line 273, in user
    self._user = self.get_me()
                 ~~~~~~~~~~~^^
  File "C:\Users\veny9\AppData\Local\Programs\Python\Python313\Lib\site-packages\telebot\__init__.py", line 1236, in get_me
    result = apihelper.get_me(self.token)
  File "C:\Users\veny9\AppData\Local\Programs\Python\Python313\Lib\site-packages\telebot\apihelper.py", line 196, in get_me
    return _make_request(token, method_url)
  File "C:\Users\veny9\AppData\Local\Programs\Python\Python313\Lib\site-packages\telebot\apihelper.py", line 156, in _make_request
    result = _get_req_session().request(
        method, request_url, params=params, files=files,
        timeout=(connect_timeout, read_timeout), proxies=proxy)
  File "C:\Users\veny9\AppData\Local\Programs\Python\Python313\Lib\site-packages\requests\sessions.py", line 589, in request
    resp = self.send(prep, **send_kwargs)
  File "C:\Users\veny9\AppData\Local\Programs\Python\Python313\Lib\site-packages\requests\sessions.py", line 703, in send
    r = adapter.send(request, **kwargs)
  File "C:\Users\veny9\AppData\Local\Programs\Python\Python313\Lib\site-packages\requests\adapters.py", line 671, in send
    raise ProxyError(e, request=request)
requests.exceptions.ProxyError: HTTPSConnectionPool(host='api.telegram.org', port=443): Max retries exceeded with url: /bot8024124421:AAHt0KvhPObxMu0uhOJWtGozSTy7AwD8DIo/getMe (Caused by ProxyError('Unable to connect to proxy', ConnectTimeoutError(<urllib3.connection.HTTPSConnection object at 0x0000023C211BA5D0>, 'Connection to 185.242.5.44 timed out. (connect timeout=15)')))

2025-12-16 02:52:16,796 - TeleBot - ERROR - Infinity polling exception: HTTPSConnectionPool(host='api.telegram.org', port=443): Max retries exceeded with url: /bot8024124421:AAHt0KvhPObxMu0uhOJWtGozSTy7AwD8DIo/getMe (Caused by ProxyError('Unable to connect to proxy', ConnectTimeoutError(<urllib3.connection.HTTPSConnection object at 0x0000023C211BA210>, 'Connection to 185.242.5.44 timed out. (connect timeout=15)')))
2025-12-16 02:52:16,800 - TeleBot - ERROR - Exception traceback:
Traceback (most recent call last):
  File "C:\Users\veny9\AppData\Local\Programs\Python\Python313\Lib\site-packages\urllib3\connection.py", line 198, in _new_conn
    sock = connection.create_connection(
        (self._dns_host, self.port),
    ...<2 lines>...
        socket_options=self.socket_options,
    )
  File "C:\Users\veny9\AppData\Local\Programs\Python\Python313\Lib\site-packages\urllib3\util\connection.py", line 85, in create_connection
    raise err
  File "C:\Users\veny9\AppData\Local\Programs\Python\Python313\Lib\site-packages\urllib3\util\connection.py", line 73, in create_connection
    sock.connect(sa)
    ~~~~~~~~~~~~^^^^
TimeoutError: timed out

The above exception was the direct cause of the following exception:

Traceback (most recent call last):
  File "C:\Users\veny9\AppData\Local\Programs\Python\Python313\Lib\site-packages\urllib3\connectionpool.py", line 773, in urlopen
    self._prepare_proxy(conn)
    ~~~~~~~~~~~~~~~~~~~^^^^^^
  File "C:\Users\veny9\AppData\Local\Programs\Python\Python313\Lib\site-packages\urllib3\connectionpool.py", line 1042, in _prepare_proxy
    conn.connect()
    ~~~~~~~~~~~~^^
  File "C:\Users\veny9\AppData\Local\Programs\Python\Python313\Lib\site-packages\urllib3\connection.py", line 753, in connect
    self.sock = sock = self._new_conn()
                       ~~~~~~~~~~~~~~^^
  File "C:\Users\veny9\AppData\Local\Programs\Python\Python313\Lib\site-packages\urllib3\connection.py", line 207, in _new_conn
    raise ConnectTimeoutError(
    ...<2 lines>...
    ) from e
urllib3.exceptions.ConnectTimeoutError: (<urllib3.connection.HTTPSConnection object at 0x0000023C211BA210>, 'Connection to 185.242.5.44 timed out. (connect timeout=15)')

The above exception was the direct cause of the following exception:

urllib3.exceptions.ProxyError: ('Unable to connect to proxy', ConnectTimeoutError(<urllib3.connection.HTTPSConnection object at 0x0000023C211BA210>, 'Connection to 185.242.5.44 timed out. (connect timeout=15)'))

The above exception was the direct cause of the following exception:

Traceback (most recent call last):
  File "C:\Users\veny9\AppData\Local\Programs\Python\Python313\Lib\site-packages\requests\adapters.py", line 644, in send
    resp = conn.urlopen(
        method=request.method,
    ...<9 lines>...
        chunked=chunked,
    )
  File "C:\Users\veny9\AppData\Local\Programs\Python\Python313\Lib\site-packages\urllib3\connectionpool.py", line 841, in urlopen
    retries = retries.increment(
        method, url, error=new_e, _pool=self, _stacktrace=sys.exc_info()[2]
    )
  File "C:\Users\veny9\AppData\Local\Programs\Python\Python313\Lib\site-packages\urllib3\util\retry.py", line 519, in increment
    raise MaxRetryError(_pool, url, reason) from reason  # type: ignore[arg-type]
    ^^^^^^^^^^^^^^^^^^^^^^^^^^^^^^^^^^^^^^^^^^^^^^^^^^^
urllib3.exceptions.MaxRetryError: HTTPSConnectionPool(host='api.telegram.org', port=443): Max retries exceeded with url: /bot8024124421:AAHt0KvhPObxMu0uhOJWtGozSTy7AwD8DIo/getMe (Caused by ProxyError('Unable to connect to proxy', ConnectTimeoutError(<urllib3.connection.HTTPSConnection object at 0x0000023C211BA210>, 'Connection to 185.242.5.44 timed out. (connect timeout=15)')))

During handling of the above exception, another exception occurred:

Traceback (most recent call last):
  File "C:\Users\veny9\AppData\Local\Programs\Python\Python313\Lib\site-packages\telebot\__init__.py", line 955, in infinity_polling
    self.polling(non_stop=True, timeout=timeout, long_polling_timeout=long_polling_timeout,
    ~~~~~~~~~~~~^^^^^^^^^^^^^^^^^^^^^^^^^^^^^^^^^^^^^^^^^^^^^^^^^^^^^^^^^^^^^^^^^^^^^^^^^^^
                 logger_level=logger_level, allowed_updates=allowed_updates, restart_on_change=False,
                 ^^^^^^^^^^^^^^^^^^^^^^^^^^^^^^^^^^^^^^^^^^^^^^^^^^^^^^^^^^^^^^^^^^^^^^^^^^^^^^^^^^^^
                 *args, **kwargs)
                 ^^^^^^^^^^^^^^^^
  File "C:\Users\veny9\AppData\Local\Programs\Python\Python313\Lib\site-packages\telebot\__init__.py", line 1040, in polling
    logger.info('Starting your bot with username: [@%s]', self.user.username)
                                                          ^^^^^^^^^
  File "C:\Users\veny9\AppData\Local\Programs\Python\Python313\Lib\site-packages\telebot\__init__.py", line 273, in user
    self._user = self.get_me()
                 ~~~~~~~~~~~^^
  File "C:\Users\veny9\AppData\Local\Programs\Python\Python313\Lib\site-packages\telebot\__init__.py", line 1236, in get_me
    result = apihelper.get_me(self.token)
  File "C:\Users\veny9\AppData\Local\Programs\Python\Python313\Lib\site-packages\telebot\apihelper.py", line 196, in get_me
    return _make_request(token, method_url)
  File "C:\Users\veny9\AppData\Local\Programs\Python\Python313\Lib\site-packages\telebot\apihelper.py", line 156, in _make_request
    result = _get_req_session().request(
        method, request_url, params=params, files=files,
        timeout=(connect_timeout, read_timeout), proxies=proxy)
  File "C:\Users\veny9\AppData\Local\Programs\Python\Python313\Lib\site-packages\requests\sessions.py", line 589, in request
    resp = self.send(prep, **send_kwargs)
  File "C:\Users\veny9\AppData\Local\Programs\Python\Python313\Lib\site-packages\requests\sessions.py", line 703, in send
    r = adapter.send(request, **kwargs)
  File "C:\Users\veny9\AppData\Local\Programs\Python\Python313\Lib\site-packages\requests\adapters.py", line 671, in send
    raise ProxyError(e, request=request)
requests.exceptions.ProxyError: HTTPSConnectionPool(host='api.telegram.org', port=443): Max retries exceeded with url: /bot8024124421:AAHt0KvhPObxMu0uhOJWtGozSTy7AwD8DIo/getMe (Caused by ProxyError('Unable to connect to proxy', ConnectTimeoutError(<urllib3.connection.HTTPSConnection object at 0x0000023C211BA210>, 'Connection to 185.242.5.44 timed out. (connect timeout=15)')))

2025-12-16 02:52:34,809 - TeleBot - ERROR - Infinity polling exception: HTTPSConnectionPool(host='api.telegram.org', port=443): Max retries exceeded with url: /bot8024124421:AAHt0KvhPObxMu0uhOJWtGozSTy7AwD8DIo/getMe (Caused by ProxyError('Unable to connect to proxy', ConnectTimeoutError(<urllib3.connection.HTTPSConnection object at 0x0000023C211B9E50>, 'Connection to 185.242.5.44 timed out. (connect timeout=15)')))
2025-12-16 02:52:34,813 - TeleBot - ERROR - Exception traceback:
Traceback (most recent call last):
  File "C:\Users\veny9\AppData\Local\Programs\Python\Python313\Lib\site-packages\urllib3\connection.py", line 198, in _new_conn
    sock = connection.create_connection(
        (self._dns_host, self.port),
    ...<2 lines>...
        socket_options=self.socket_options,
    )
  File "C:\Users\veny9\AppData\Local\Programs\Python\Python313\Lib\site-packages\urllib3\util\connection.py", line 85, in create_connection
    raise err
  File "C:\Users\veny9\AppData\Local\Programs\Python\Python313\Lib\site-packages\urllib3\util\connection.py", line 73, in create_connection
    sock.connect(sa)
    ~~~~~~~~~~~~^^^^
TimeoutError: timed out

The above exception was the direct cause of the following exception:

Traceback (most recent call last):
  File "C:\Users\veny9\AppData\Local\Programs\Python\Python313\Lib\site-packages\urllib3\connectionpool.py", line 773, in urlopen
    self._prepare_proxy(conn)
    ~~~~~~~~~~~~~~~~~~~^^^^^^
  File "C:\Users\veny9\AppData\Local\Programs\Python\Python313\Lib\site-packages\urllib3\connectionpool.py", line 1042, in _prepare_proxy
    conn.connect()
    ~~~~~~~~~~~~^^
  File "C:\Users\veny9\AppData\Local\Programs\Python\Python313\Lib\site-packages\urllib3\connection.py", line 753, in connect
    self.sock = sock = self._new_conn()
                       ~~~~~~~~~~~~~~^^
  File "C:\Users\veny9\AppData\Local\Programs\Python\Python313\Lib\site-packages\urllib3\connection.py", line 207, in _new_conn
    raise ConnectTimeoutError(
    ...<2 lines>...
    ) from e
urllib3.exceptions.ConnectTimeoutError: (<urllib3.connection.HTTPSConnection object at 0x0000023C211B9E50>, 'Connection to 185.242.5.44 timed out. (connect timeout=15)')

The above exception was the direct cause of the following exception:

urllib3.exceptions.ProxyError: ('Unable to connect to proxy', ConnectTimeoutError(<urllib3.connection.HTTPSConnection object at 0x0000023C211B9E50>, 'Connection to 185.242.5.44 timed out. (connect timeout=15)'))

The above exception was the direct cause of the following exception:

Traceback (most recent call last):
  File "C:\Users\veny9\AppData\Local\Programs\Python\Python313\Lib\site-packages\requests\adapters.py", line 644, in send
    resp = conn.urlopen(
        method=request.method,
    ...<9 lines>...
        chunked=chunked,
    )
  File "C:\Users\veny9\AppData\Local\Programs\Python\Python313\Lib\site-packages\urllib3\connectionpool.py", line 841, in urlopen
    retries = retries.increment(
        method, url, error=new_e, _pool=self, _stacktrace=sys.exc_info()[2]
    )
  File "C:\Users\veny9\AppData\Local\Programs\Python\Python313\Lib\site-packages\urllib3\util\retry.py", line 519, in increment
    raise MaxRetryError(_pool, url, reason) from reason  # type: ignore[arg-type]
    ^^^^^^^^^^^^^^^^^^^^^^^^^^^^^^^^^^^^^^^^^^^^^^^^^^^
urllib3.exceptions.MaxRetryError: HTTPSConnectionPool(host='api.telegram.org', port=443): Max retries exceeded with url: /bot8024124421:AAHt0KvhPObxMu0uhOJWtGozSTy7AwD8DIo/getMe (Caused by ProxyError('Unable to connect to proxy', ConnectTimeoutError(<urllib3.connection.HTTPSConnection object at 0x0000023C211B9E50>, 'Connection to 185.242.5.44 timed out. (connect timeout=15)')))

During handling of the above exception, another exception occurred:

Traceback (most recent call last):
  File "C:\Users\veny9\AppData\Local\Programs\Python\Python313\Lib\site-packages\telebot\__init__.py", line 955, in infinity_polling
    self.polling(non_stop=True, timeout=timeout, long_polling_timeout=long_polling_timeout,
    ~~~~~~~~~~~~^^^^^^^^^^^^^^^^^^^^^^^^^^^^^^^^^^^^^^^^^^^^^^^^^^^^^^^^^^^^^^^^^^^^^^^^^^^
                 logger_level=logger_level, allowed_updates=allowed_updates, restart_on_change=False,
                 ^^^^^^^^^^^^^^^^^^^^^^^^^^^^^^^^^^^^^^^^^^^^^^^^^^^^^^^^^^^^^^^^^^^^^^^^^^^^^^^^^^^^
                 *args, **kwargs)
                 ^^^^^^^^^^^^^^^^
  File "C:\Users\veny9\AppData\Local\Programs\Python\Python313\Lib\site-packages\telebot\__init__.py", line 1040, in polling
    logger.info('Starting your bot with username: [@%s]', self.user.username)
                                                          ^^^^^^^^^
  File "C:\Users\veny9\AppData\Local\Programs\Python\Python313\Lib\site-packages\telebot\__init__.py", line 273, in user
    self._user = self.get_me()
                 ~~~~~~~~~~~^^
  File "C:\Users\veny9\AppData\Local\Programs\Python\Python313\Lib\site-packages\telebot\__init__.py", line 1236, in get_me
    result = apihelper.get_me(self.token)
  File "C:\Users\veny9\AppData\Local\Programs\Python\Python313\Lib\site-packages\telebot\apihelper.py", line 196, in get_me
    return _make_request(token, method_url)
  File "C:\Users\veny9\AppData\Local\Programs\Python\Python313\Lib\site-packages\telebot\apihelper.py", line 156, in _make_request
    result = _get_req_session().request(
        method, request_url, params=params, files=files,
        timeout=(connect_timeout, read_timeout), proxies=proxy)
  File "C:\Users\veny9\AppData\Local\Programs\Python\Python313\Lib\site-packages\requests\sessions.py", line 589, in request
    resp = self.send(prep, **send_kwargs)
  File "C:\Users\veny9\AppData\Local\Programs\Python\Python313\Lib\site-packages\requests\sessions.py", line 703, in send
    r = adapter.send(request, **kwargs)
  File "C:\Users\veny9\AppData\Local\Programs\Python\Python313\Lib\site-packages\requests\adapters.py", line 671, in send
    raise ProxyError(e, request=request)
requests.exceptions.ProxyError: HTTPSConnectionPool(host='api.telegram.org', port=443): Max retries exceeded with url: /bot8024124421:AAHt0KvhPObxMu0uhOJWtGozSTy7AwD8DIo/getMe (Caused by ProxyError('Unable to connect to proxy', ConnectTimeoutError(<urllib3.connection.HTTPSConnection object at 0x0000023C211B9E50>, 'Connection to 185.242.5.44 timed out. (connect timeout=15)')))

2025-12-16 02:52:52,819 - TeleBot - ERROR - Infinity polling exception: HTTPSConnectionPool(host='api.telegram.org', port=443): Max retries exceeded with url: /bot8024124421:AAHt0KvhPObxMu0uhOJWtGozSTy7AwD8DIo/getMe (Caused by ProxyError('Unable to connect to proxy', ConnectTimeoutError(<urllib3.connection.HTTPSConnection object at 0x0000023C211B9A90>, 'Connection to 185.242.5.44 timed out. (connect timeout=15)')))
2025-12-16 02:52:52,823 - TeleBot - ERROR - Exception traceback:
Traceback (most recent call last):
  File "C:\Users\veny9\AppData\Local\Programs\Python\Python313\Lib\site-packages\urllib3\connection.py", line 198, in _new_conn
    sock = connection.create_connection(
        (self._dns_host, self.port),
    ...<2 lines>...
        socket_options=self.socket_options,
    )
  File "C:\Users\veny9\AppData\Local\Programs\Python\Python313\Lib\site-packages\urllib3\util\connection.py", line 85, in create_connection
    raise err
  File "C:\Users\veny9\AppData\Local\Programs\Python\Python313\Lib\site-packages\urllib3\util\connection.py", line 73, in create_connection
    sock.connect(sa)
    ~~~~~~~~~~~~^^^^
TimeoutError: timed out

The above exception was the direct cause of the following exception:

Traceback (most recent call last):
  File "C:\Users\veny9\AppData\Local\Programs\Python\Python313\Lib\site-packages\urllib3\connectionpool.py", line 773, in urlopen
    self._prepare_proxy(conn)
    ~~~~~~~~~~~~~~~~~~~^^^^^^
  File "C:\Users\veny9\AppData\Local\Programs\Python\Python313\Lib\site-packages\urllib3\connectionpool.py", line 1042, in _prepare_proxy
    conn.connect()
    ~~~~~~~~~~~~^^
  File "C:\Users\veny9\AppData\Local\Programs\Python\Python313\Lib\site-packages\urllib3\connection.py", line 753, in connect
    self.sock = sock = self._new_conn()
                       ~~~~~~~~~~~~~~^^
  File "C:\Users\veny9\AppData\Local\Programs\Python\Python313\Lib\site-packages\urllib3\connection.py", line 207, in _new_conn
    raise ConnectTimeoutError(
    ...<2 lines>...
    ) from e
urllib3.exceptions.ConnectTimeoutError: (<urllib3.connection.HTTPSConnection object at 0x0000023C211B9A90>, 'Connection to 185.242.5.44 timed out. (connect timeout=15)')

The above exception was the direct cause of the following exception:

urllib3.exceptions.ProxyError: ('Unable to connect to proxy', ConnectTimeoutError(<urllib3.connection.HTTPSConnection object at 0x0000023C211B9A90>, 'Connection to 185.242.5.44 timed out. (connect timeout=15)'))

The above exception was the direct cause of the following exception:

Traceback (most recent call last):
  File "C:\Users\veny9\AppData\Local\Programs\Python\Python313\Lib\site-packages\requests\adapters.py", line 644, in send
    resp = conn.urlopen(
        method=request.method,
    ...<9 lines>...
        chunked=chunked,
    )
  File "C:\Users\veny9\AppData\Local\Programs\Python\Python313\Lib\site-packages\urllib3\connectionpool.py", line 841, in urlopen
    retries = retries.increment(
        method, url, error=new_e, _pool=self, _stacktrace=sys.exc_info()[2]
    )
  File "C:\Users\veny9\AppData\Local\Programs\Python\Python313\Lib\site-packages\urllib3\util\retry.py", line 519, in increment
    raise MaxRetryError(_pool, url, reason) from reason  # type: ignore[arg-type]
    ^^^^^^^^^^^^^^^^^^^^^^^^^^^^^^^^^^^^^^^^^^^^^^^^^^^
urllib3.exceptions.MaxRetryError: HTTPSConnectionPool(host='api.telegram.org', port=443): Max retries exceeded with url: /bot8024124421:AAHt0KvhPObxMu0uhOJWtGozSTy7AwD8DIo/getMe (Caused by ProxyError('Unable to connect to proxy', ConnectTimeoutError(<urllib3.connection.HTTPSConnection object at 0x0000023C211B9A90>, 'Connection to 185.242.5.44 timed out. (connect timeout=15)')))

During handling of the above exception, another exception occurred:

Traceback (most recent call last):
  File "C:\Users\veny9\AppData\Local\Programs\Python\Python313\Lib\site-packages\telebot\__init__.py", line 955, in infinity_polling
    self.polling(non_stop=True, timeout=timeout, long_polling_timeout=long_polling_timeout,
    ~~~~~~~~~~~~^^^^^^^^^^^^^^^^^^^^^^^^^^^^^^^^^^^^^^^^^^^^^^^^^^^^^^^^^^^^^^^^^^^^^^^^^^^
                 logger_level=logger_level, allowed_updates=allowed_updates, restart_on_change=False,
                 ^^^^^^^^^^^^^^^^^^^^^^^^^^^^^^^^^^^^^^^^^^^^^^^^^^^^^^^^^^^^^^^^^^^^^^^^^^^^^^^^^^^^
                 *args, **kwargs)
                 ^^^^^^^^^^^^^^^^
  File "C:\Users\veny9\AppData\Local\Programs\Python\Python313\Lib\site-packages\telebot\__init__.py", line 1040, in polling
    logger.info('Starting your bot with username: [@%s]', self.user.username)
                                                          ^^^^^^^^^
  File "C:\Users\veny9\AppData\Local\Programs\Python\Python313\Lib\site-packages\telebot\__init__.py", line 273, in user
    self._user = self.get_me()
                 ~~~~~~~~~~~^^
  File "C:\Users\veny9\AppData\Local\Programs\Python\Python313\Lib\site-packages\telebot\__init__.py", line 1236, in get_me
    result = apihelper.get_me(self.token)
  File "C:\Users\veny9\AppData\Local\Programs\Python\Python313\Lib\site-packages\telebot\apihelper.py", line 196, in get_me
    return _make_request(token, method_url)
  File "C:\Users\veny9\AppData\Local\Programs\Python\Python313\Lib\site-packages\telebot\apihelper.py", line 156, in _make_request
    result = _get_req_session().request(
        method, request_url, params=params, files=files,
        timeout=(connect_timeout, read_timeout), proxies=proxy)
  File "C:\Users\veny9\AppData\Local\Programs\Python\Python313\Lib\site-packages\requests\sessions.py", line 589, in request
    resp = self.send(prep, **send_kwargs)
  File "C:\Users\veny9\AppData\Local\Programs\Python\Python313\Lib\site-packages\requests\sessions.py", line 703, in send
    r = adapter.send(request, **kwargs)
  File "C:\Users\veny9\AppData\Local\Programs\Python\Python313\Lib\site-packages\requests\adapters.py", line 671, in send
    raise ProxyError(e, request=request)
requests.exceptions.ProxyError: HTTPSConnectionPool(host='api.telegram.org', port=443): Max retries exceeded with url: /bot8024124421:AAHt0KvhPObxMu0uhOJWtGozSTy7AwD8DIo/getMe (Caused by ProxyError('Unable to connect to proxy', ConnectTimeoutError(<urllib3.connection.HTTPSConnection object at 0x0000023C211B9A90>, 'Connection to 185.242.5.44 timed out. (connect timeout=15)')))

2025-12-16 02:53:10,846 - TeleBot - ERROR - Infinity polling exception: HTTPSConnectionPool(host='api.telegram.org', port=443): Max retries exceeded with url: /bot8024124421:AAHt0KvhPObxMu0uhOJWtGozSTy7AwD8DIo/getMe (Caused by ProxyError('Unable to connect to proxy', ConnectTimeoutError(<urllib3.connection.HTTPSConnection object at 0x0000023C211B96D0>, 'Connection to 185.242.5.44 timed out. (connect timeout=15)')))
2025-12-16 02:53:10,849 - TeleBot - ERROR - Exception traceback:
Traceback (most recent call last):
  File "C:\Users\veny9\AppData\Local\Programs\Python\Python313\Lib\site-packages\urllib3\connection.py", line 198, in _new_conn
    sock = connection.create_connection(
        (self._dns_host, self.port),
    ...<2 lines>...
        socket_options=self.socket_options,
    )
  File "C:\Users\veny9\AppData\Local\Programs\Python\Python313\Lib\site-packages\urllib3\util\connection.py", line 85, in create_connection
    raise err
  File "C:\Users\veny9\AppData\Local\Programs\Python\Python313\Lib\site-packages\urllib3\util\connection.py", line 73, in create_connection
    sock.connect(sa)
    ~~~~~~~~~~~~^^^^
TimeoutError: timed out

The above exception was the direct cause of the following exception:

Traceback (most recent call last):
  File "C:\Users\veny9\AppData\Local\Programs\Python\Python313\Lib\site-packages\urllib3\connectionpool.py", line 773, in urlopen
    self._prepare_proxy(conn)
    ~~~~~~~~~~~~~~~~~~~^^^^^^
  File "C:\Users\veny9\AppData\Local\Programs\Python\Python313\Lib\site-packages\urllib3\connectionpool.py", line 1042, in _prepare_proxy
    conn.connect()
    ~~~~~~~~~~~~^^
  File "C:\Users\veny9\AppData\Local\Programs\Python\Python313\Lib\site-packages\urllib3\connection.py", line 753, in connect
    self.sock = sock = self._new_conn()
                       ~~~~~~~~~~~~~~^^
  File "C:\Users\veny9\AppData\Local\Programs\Python\Python313\Lib\site-packages\urllib3\connection.py", line 207, in _new_conn
    raise ConnectTimeoutError(
    ...<2 lines>...
    ) from e
urllib3.exceptions.ConnectTimeoutError: (<urllib3.connection.HTTPSConnection object at 0x0000023C211B96D0>, 'Connection to 185.242.5.44 timed out. (connect timeout=15)')

The above exception was the direct cause of the following exception:

urllib3.exceptions.ProxyError: ('Unable to connect to proxy', ConnectTimeoutError(<urllib3.connection.HTTPSConnection object at 0x0000023C211B96D0>, 'Connection to 185.242.5.44 timed out. (connect timeout=15)'))

The above exception was the direct cause of the following exception:

Traceback (most recent call last):
  File "C:\Users\veny9\AppData\Local\Programs\Python\Python313\Lib\site-packages\requests\adapters.py", line 644, in send
    resp = conn.urlopen(
        method=request.method,
    ...<9 lines>...
        chunked=chunked,
    )
  File "C:\Users\veny9\AppData\Local\Programs\Python\Python313\Lib\site-packages\urllib3\connectionpool.py", line 841, in urlopen
    retries = retries.increment(
        method, url, error=new_e, _pool=self, _stacktrace=sys.exc_info()[2]
    )
  File "C:\Users\veny9\AppData\Local\Programs\Python\Python313\Lib\site-packages\urllib3\util\retry.py", line 519, in increment
    raise MaxRetryError(_pool, url, reason) from reason  # type: ignore[arg-type]
    ^^^^^^^^^^^^^^^^^^^^^^^^^^^^^^^^^^^^^^^^^^^^^^^^^^^
urllib3.exceptions.MaxRetryError: HTTPSConnectionPool(host='api.telegram.org', port=443): Max retries exceeded with url: /bot8024124421:AAHt0KvhPObxMu0uhOJWtGozSTy7AwD8DIo/getMe (Caused by ProxyError('Unable to connect to proxy', ConnectTimeoutError(<urllib3.connection.HTTPSConnection object at 0x0000023C211B96D0>, 'Connection to 185.242.5.44 timed out. (connect timeout=15)')))

During handling of the above exception, another exception occurred:

Traceback (most recent call last):
  File "C:\Users\veny9\AppData\Local\Programs\Python\Python313\Lib\site-packages\telebot\__init__.py", line 955, in infinity_polling
    self.polling(non_stop=True, timeout=timeout, long_polling_timeout=long_polling_timeout,
    ~~~~~~~~~~~~^^^^^^^^^^^^^^^^^^^^^^^^^^^^^^^^^^^^^^^^^^^^^^^^^^^^^^^^^^^^^^^^^^^^^^^^^^^
                 logger_level=logger_level, allowed_updates=allowed_updates, restart_on_change=False,
                 ^^^^^^^^^^^^^^^^^^^^^^^^^^^^^^^^^^^^^^^^^^^^^^^^^^^^^^^^^^^^^^^^^^^^^^^^^^^^^^^^^^^^
                 *args, **kwargs)
                 ^^^^^^^^^^^^^^^^
  File "C:\Users\veny9\AppData\Local\Programs\Python\Python313\Lib\site-packages\telebot\__init__.py", line 1040, in polling
    logger.info('Starting your bot with username: [@%s]', self.user.username)
                                                          ^^^^^^^^^
  File "C:\Users\veny9\AppData\Local\Programs\Python\Python313\Lib\site-packages\telebot\__init__.py", line 273, in user
    self._user = self.get_me()
                 ~~~~~~~~~~~^^
  File "C:\Users\veny9\AppData\Local\Programs\Python\Python313\Lib\site-packages\telebot\__init__.py", line 1236, in get_me
    result = apihelper.get_me(self.token)
  File "C:\Users\veny9\AppData\Local\Programs\Python\Python313\Lib\site-packages\telebot\apihelper.py", line 196, in get_me
    return _make_request(token, method_url)
  File "C:\Users\veny9\AppData\Local\Programs\Python\Python313\Lib\site-packages\telebot\apihelper.py", line 156, in _make_request
    result = _get_req_session().request(
        method, request_url, params=params, files=files,
        timeout=(connect_timeout, read_timeout), proxies=proxy)
  File "C:\Users\veny9\AppData\Local\Programs\Python\Python313\Lib\site-packages\requests\sessions.py", line 589, in request
    resp = self.send(prep, **send_kwargs)
  File "C:\Users\veny9\AppData\Local\Programs\Python\Python313\Lib\site-packages\requests\sessions.py", line 703, in send
    r = adapter.send(request, **kwargs)
  File "C:\Users\veny9\AppData\Local\Programs\Python\Python313\Lib\site-packages\requests\adapters.py", line 671, in send
    raise ProxyError(e, request=request)
requests.exceptions.ProxyError: HTTPSConnectionPool(host='api.telegram.org', port=443): Max retries exceeded with url: /bot8024124421:AAHt0KvhPObxMu0uhOJWtGozSTy7AwD8DIo/getMe (Caused by ProxyError('Unable to connect to proxy', ConnectTimeoutError(<urllib3.connection.HTTPSConnection object at 0x0000023C211B96D0>, 'Connection to 185.242.5.44 timed out. (connect timeout=15)')))

2025-12-16 02:53:28,860 - TeleBot - ERROR - Infinity polling exception: HTTPSConnectionPool(host='api.telegram.org', port=443): Max retries exceeded with url: /bot8024124421:AAHt0KvhPObxMu0uhOJWtGozSTy7AwD8DIo/getMe (Caused by ProxyError('Unable to connect to proxy', ConnectTimeoutError(<urllib3.connection.HTTPSConnection object at 0x0000023C211B9310>, 'Connection to 185.242.5.44 timed out. (connect timeout=15)')))
2025-12-16 02:53:28,863 - TeleBot - ERROR - Exception traceback:
Traceback (most recent call last):
  File "C:\Users\veny9\AppData\Local\Programs\Python\Python313\Lib\site-packages\urllib3\connection.py", line 198, in _new_conn
    sock = connection.create_connection(
        (self._dns_host, self.port),
    ...<2 lines>...
        socket_options=self.socket_options,
    )
  File "C:\Users\veny9\AppData\Local\Programs\Python\Python313\Lib\site-packages\urllib3\util\connection.py", line 85, in create_connection
    raise err
  File "C:\Users\veny9\AppData\Local\Programs\Python\Python313\Lib\site-packages\urllib3\util\connection.py", line 73, in create_connection
    sock.connect(sa)
    ~~~~~~~~~~~~^^^^
TimeoutError: timed out

The above exception was the direct cause of the following exception:

Traceback (most recent call last):
  File "C:\Users\veny9\AppData\Local\Programs\Python\Python313\Lib\site-packages\urllib3\connectionpool.py", line 773, in urlopen
    self._prepare_proxy(conn)
    ~~~~~~~~~~~~~~~~~~~^^^^^^
  File "C:\Users\veny9\AppData\Local\Programs\Python\Python313\Lib\site-packages\urllib3\connectionpool.py", line 1042, in _prepare_proxy
    conn.connect()
    ~~~~~~~~~~~~^^
  File "C:\Users\veny9\AppData\Local\Programs\Python\Python313\Lib\site-packages\urllib3\connection.py", line 753, in connect
    self.sock = sock = self._new_conn()
                       ~~~~~~~~~~~~~~^^
  File "C:\Users\veny9\AppData\Local\Programs\Python\Python313\Lib\site-packages\urllib3\connection.py", line 207, in _new_conn
    raise ConnectTimeoutError(
    ...<2 lines>...
    ) from e
urllib3.exceptions.ConnectTimeoutError: (<urllib3.connection.HTTPSConnection object at 0x0000023C211B9310>, 'Connection to 185.242.5.44 timed out. (connect timeout=15)')

The above exception was the direct cause of the following exception:

urllib3.exceptions.ProxyError: ('Unable to connect to proxy', ConnectTimeoutError(<urllib3.connection.HTTPSConnection object at 0x0000023C211B9310>, 'Connection to 185.242.5.44 timed out. (connect timeout=15)'))

The above exception was the direct cause of the following exception:

Traceback (most recent call last):
  File "C:\Users\veny9\AppData\Local\Programs\Python\Python313\Lib\site-packages\requests\adapters.py", line 644, in send
    resp = conn.urlopen(
        method=request.method,
    ...<9 lines>...
        chunked=chunked,
    )
  File "C:\Users\veny9\AppData\Local\Programs\Python\Python313\Lib\site-packages\urllib3\connectionpool.py", line 841, in urlopen
    retries = retries.increment(
        method, url, error=new_e, _pool=self, _stacktrace=sys.exc_info()[2]
    )
  File "C:\Users\veny9\AppData\Local\Programs\Python\Python313\Lib\site-packages\urllib3\util\retry.py", line 519, in increment
    raise MaxRetryError(_pool, url, reason) from reason  # type: ignore[arg-type]
    ^^^^^^^^^^^^^^^^^^^^^^^^^^^^^^^^^^^^^^^^^^^^^^^^^^^
urllib3.exceptions.MaxRetryError: HTTPSConnectionPool(host='api.telegram.org', port=443): Max retries exceeded with url: /bot8024124421:AAHt0KvhPObxMu0uhOJWtGozSTy7AwD8DIo/getMe (Caused by ProxyError('Unable to connect to proxy', ConnectTimeoutError(<urllib3.connection.HTTPSConnection object at 0x0000023C211B9310>, 'Connection to 185.242.5.44 timed out. (connect timeout=15)')))

During handling of the above exception, another exception occurred:

Traceback (most recent call last):
  File "C:\Users\veny9\AppData\Local\Programs\Python\Python313\Lib\site-packages\telebot\__init__.py", line 955, in infinity_polling
    self.polling(non_stop=True, timeout=timeout, long_polling_timeout=long_polling_timeout,
    ~~~~~~~~~~~~^^^^^^^^^^^^^^^^^^^^^^^^^^^^^^^^^^^^^^^^^^^^^^^^^^^^^^^^^^^^^^^^^^^^^^^^^^^
                 logger_level=logger_level, allowed_updates=allowed_updates, restart_on_change=False,
                 ^^^^^^^^^^^^^^^^^^^^^^^^^^^^^^^^^^^^^^^^^^^^^^^^^^^^^^^^^^^^^^^^^^^^^^^^^^^^^^^^^^^^
                 *args, **kwargs)
                 ^^^^^^^^^^^^^^^^
  File "C:\Users\veny9\AppData\Local\Programs\Python\Python313\Lib\site-packages\telebot\__init__.py", line 1040, in polling
    logger.info('Starting your bot with username: [@%s]', self.user.username)
                                                          ^^^^^^^^^
  File "C:\Users\veny9\AppData\Local\Programs\Python\Python313\Lib\site-packages\telebot\__init__.py", line 273, in user
    self._user = self.get_me()
                 ~~~~~~~~~~~^^
  File "C:\Users\veny9\AppData\Local\Programs\Python\Python313\Lib\site-packages\telebot\__init__.py", line 1236, in get_me
    result = apihelper.get_me(self.token)
  File "C:\Users\veny9\AppData\Local\Programs\Python\Python313\Lib\site-packages\telebot\apihelper.py", line 196, in get_me
    return _make_request(token, method_url)
  File "C:\Users\veny9\AppData\Local\Programs\Python\Python313\Lib\site-packages\telebot\apihelper.py", line 156, in _make_request
    result = _get_req_session().request(
        method, request_url, params=params, files=files,
        timeout=(connect_timeout, read_timeout), proxies=proxy)
  File "C:\Users\veny9\AppData\Local\Programs\Python\Python313\Lib\site-packages\requests\sessions.py", line 589, in request
    resp = self.send(prep, **send_kwargs)
  File "C:\Users\veny9\AppData\Local\Programs\Python\Python313\Lib\site-packages\requests\sessions.py", line 703, in send
    r = adapter.send(request, **kwargs)
  File "C:\Users\veny9\AppData\Local\Programs\Python\Python313\Lib\site-packages\requests\adapters.py", line 671, in send
    raise ProxyError(e, request=request)
requests.exceptions.ProxyError: HTTPSConnectionPool(host='api.telegram.org', port=443): Max retries exceeded with url: /bot8024124421:AAHt0KvhPObxMu0uhOJWtGozSTy7AwD8DIo/getMe (Caused by ProxyError('Unable to connect to proxy', ConnectTimeoutError(<urllib3.connection.HTTPSConnection object at 0x0000023C211B9310>, 'Connection to 185.242.5.44 timed out. (connect timeout=15)')))

2025-12-16 02:53:31,407 - MusicBot - INFO - 🛑 Бот остановлен вручную (Ctrl+C)
2025-12-16 02:53:31,407 - MusicBot - INFO - ⏹️ Бот завершил работу
2025-12-16 02:53:38,842 - MusicBot - INFO - 🔍 Поиск рабочего прокси...
2025-12-16 02:53:38,842 - MusicBot - INFO - ⏳ Проверка прокси: http://45.12.238.170:8000
2025-12-16 02:53:39,629 - MusicBot - WARNING - ❌ Прокси http://45.12.238.170:8000 не работает: HTTPSConnectionPool(host='www.youtube.com', port=443): Max retries exceeded with url: / (Caused by ProxyError('Unable to connect to proxy', OSError('Tunnel connection failed: 400 Bad Request')))
2025-12-16 02:53:39,630 - MusicBot - INFO - ⏳ Проверка прокси: http://194.67.216.145:8090
2025-12-16 02:53:42,090 - MusicBot - WARNING - ❌ Прокси http://194.67.216.145:8090 не работает: HTTPSConnectionPool(host='www.youtube.com', port=443): Max retries exceeded with url: / (Caused by ProxyError('Unable to connect to proxy', NewConnectionError('<urllib3.connection.HTTPSConnection object at 0x000001FC9886EC10>: Failed to establish a new connection: [WinError 10061] Подключение не установлено, т.к. конечный компьютер отверг запрос на подключение')))
2025-12-16 02:53:42,090 - MusicBot - INFO - 🌐 Пропускаем проверку - будет использовано соединение без прокси
2025-12-16 02:53:42,091 - MusicBot - WARNING - ⚠️ Не найдено рабочих прокси. Будет использовано соединение без прокси
2025-12-16 02:53:42,091 - MusicBot - INFO - 🔧 Telegram API работает без прокси
2025-12-16 02:53:42,093 - MusicBot - INFO - 🚀 Бот запущен!
2025-12-16 02:53:42,093 - MusicBot - INFO - 🎯 Поддерживаемые домены: archive.org, youtube.com, youtu.be, peertube.tv, peertube.host, odysee.com, lbry.tv, tiktok.com
2025-12-16 02:53:42,093 - MusicBot - INFO - 🔄 Статус прокси: Не настроен
2025-12-16 02:53:42,805 - MusicBot - INFO - ✅ Telegram API доступен без прокси
2025-12-16 02:53:45,203 - MusicBot - INFO - 📥 Запрос от 1362537530: https://archive.org/details/MLKDream
2025-12-16 02:53:45,203 - MusicBot - INFO - 📥 Начинаю скачивание: https://archive.org/details/MLKDream
2025-12-16 02:53:45,204 - MusicBot - INFO - 📁 Создана временная папка: C:\Users\veny9\OneDrive\Рабочий стол\test\downloads\tmpw61x17h5
2025-12-16 02:53:45,205 - MusicBot - INFO - ✅ ffmpeg_location настроен: c:\Users\veny9\OneDrive\Рабочий стол\test\music-bot\ffmpeg\bin
2025-12-16 02:53:45,222 - MusicBot - INFO - 📥 Запрос от 1362537530: https://www.youtube.com/watch?v=dQw4w9WgXcQ
2025-12-16 02:53:45,223 - MusicBot - INFO - 📥 Начинаю скачивание: https://www.youtube.com/watch?v=dQw4w9WgXcQ
2025-12-16 02:53:45,223 - MusicBot - INFO - 📁 Создана временная папка: C:\Users\veny9\OneDrive\Рабочий стол\test\downloads\tmpzyz1jhn6
2025-12-16 02:53:45,223 - MusicBot - INFO - 🔧 Прокси не доступен для этой платформы
2025-12-16 02:53:45,224 - MusicBot - INFO - ✅ ffmpeg_location настроен: c:\Users\veny9\OneDrive\Рабочий стол\test\music-bot\ffmpeg\bin
2025-12-16 02:53:50,186 - MusicBot - ERROR - ❌ Ошибка при скачивании: [0;31mERROR:[0m [youtube] dQw4w9WgXcQ: Unable to download API page: <urllib3.connection.HTTPSConnection object at 0x000001FC9A1BF390>: Failed to resolve 'www.youtube.com' ([Errno 11001] getaddrinfo failed) (caused by TransportError("<urllib3.connection.HTTPSConnection object at 0x000001FC9A1BF390>: Failed to resolve 'www.youtube.com' ([Errno 11001] getaddrinfo failed)"))
2025-12-16 02:53:50,187 - MusicBot - ERROR - ❌ Ошибка yt-dlp: [0;31mERROR:[0m [youtube] dQw4w9WgXcQ: Unable to download API page: <urllib3.connection.HTTPSConnection object at 0x000001FC9A1BF390>: Failed to resolve 'www.youtube.com' ([Errno 11001] getaddrinfo failed) (caused by TransportError("<urllib3.connection.HTTPSConnection object at 0x000001FC9A1BF390>: Failed to resolve 'www.youtube.com' ([Errno 11001] getaddrinfo failed)"))
2025-12-16 02:54:04,030 - MusicBot - INFO - 📥 Запрос от 1362537530: https://archive.org/details/MLKDream
2025-12-16 02:54:04,030 - MusicBot - INFO - 📥 Начинаю скачивание: https://archive.org/details/MLKDream
2025-12-16 02:54:04,031 - MusicBot - INFO - 📁 Создана временная папка: C:\Users\veny9\OneDrive\Рабочий стол\test\downloads\tmpbmbs56eo
2025-12-16 02:54:04,031 - MusicBot - INFO - ✅ ffmpeg_location настроен: c:\Users\veny9\OneDrive\Рабочий стол\test\music-bot\ffmpeg\bin
2025-12-16 02:54:08,936 - MusicBot - INFO - ✅ Аудио успешно скачано: C:\Users\veny9\OneDrive\Рабочий стол\test\downloads\tmpw61x17h5\I Have a Dream, Martin Luther King Jr..mp3
2025-12-16 02:54:23,966 - MusicBot - ERROR - 💥 Критическая ошибка: ('Connection aborted.', TimeoutError('The write operation timed out'))
2025-12-16 02:54:23,977 - MusicBot - ERROR - Детали:
Traceback (most recent call last):
  File "C:\Users\veny9\AppData\Local\Programs\Python\Python313\Lib\site-packages\urllib3\connectionpool.py", line 787, in urlopen
    response = self._make_request(
        conn,
    ...<10 lines>...
        **response_kw,
    )
  File "C:\Users\veny9\AppData\Local\Programs\Python\Python313\Lib\site-packages\urllib3\connectionpool.py", line 493, in _make_request
    conn.request(
    ~~~~~~~~~~~~^
        method,
        ^^^^^^^
    ...<6 lines>...
        enforce_content_length=enforce_content_length,
        ^^^^^^^^^^^^^^^^^^^^^^^^^^^^^^^^^^^^^^^^^^^^^^
    )
    ^
  File "C:\Users\veny9\AppData\Local\Programs\Python\Python313\Lib\site-packages\urllib3\connection.py", line 508, in request
    self.send(chunk)
    ~~~~~~~~~^^^^^^^
  File "C:\Users\veny9\AppData\Local\Programs\Python\Python313\Lib\http\client.py", line 1057, in send
    self.sock.sendall(data)
    ~~~~~~~~~~~~~~~~~^^^^^^
  File "C:\Users\veny9\AppData\Local\Programs\Python\Python313\Lib\ssl.py", line 1263, in sendall
    v = self.send(byte_view[count:])
  File "C:\Users\veny9\AppData\Local\Programs\Python\Python313\Lib\ssl.py", line 1232, in send
    return self._sslobj.write(data)
           ~~~~~~~~~~~~~~~~~~^^^^^^
TimeoutError: The write operation timed out

During handling of the above exception, another exception occurred:

Traceback (most recent call last):
  File "C:\Users\veny9\AppData\Local\Programs\Python\Python313\Lib\site-packages\requests\adapters.py", line 644, in send
    resp = conn.urlopen(
        method=request.method,
    ...<9 lines>...
        chunked=chunked,
    )
  File "C:\Users\veny9\AppData\Local\Programs\Python\Python313\Lib\site-packages\urllib3\connectionpool.py", line 841, in urlopen
    retries = retries.increment(
        method, url, error=new_e, _pool=self, _stacktrace=sys.exc_info()[2]
    )
  File "C:\Users\veny9\AppData\Local\Programs\Python\Python313\Lib\site-packages\urllib3\util\retry.py", line 474, in increment
    raise reraise(type(error), error, _stacktrace)
          ~~~~~~~^^^^^^^^^^^^^^^^^^^^^^^^^^^^^^^^^
  File "C:\Users\veny9\AppData\Local\Programs\Python\Python313\Lib\site-packages\urllib3\util\util.py", line 38, in reraise
    raise value.with_traceback(tb)
  File "C:\Users\veny9\AppData\Local\Programs\Python\Python313\Lib\site-packages\urllib3\connectionpool.py", line 787, in urlopen
    response = self._make_request(
        conn,
    ...<10 lines>...
        **response_kw,
    )
  File "C:\Users\veny9\AppData\Local\Programs\Python\Python313\Lib\site-packages\urllib3\connectionpool.py", line 493, in _make_request
    conn.request(
    ~~~~~~~~~~~~^
        method,
        ^^^^^^^
    ...<6 lines>...
        enforce_content_length=enforce_content_length,
        ^^^^^^^^^^^^^^^^^^^^^^^^^^^^^^^^^^^^^^^^^^^^^^
    )
    ^
  File "C:\Users\veny9\AppData\Local\Programs\Python\Python313\Lib\site-packages\urllib3\connection.py", line 508, in request
    self.send(chunk)
    ~~~~~~~~~^^^^^^^
  File "C:\Users\veny9\AppData\Local\Programs\Python\Python313\Lib\http\client.py", line 1057, in send
    self.sock.sendall(data)
    ~~~~~~~~~~~~~~~~~^^^^^^
  File "C:\Users\veny9\AppData\Local\Programs\Python\Python313\Lib\ssl.py", line 1263, in sendall
    v = self.send(byte_view[count:])
  File "C:\Users\veny9\AppData\Local\Programs\Python\Python313\Lib\ssl.py", line 1232, in send
    return self._sslobj.write(data)
           ~~~~~~~~~~~~~~~~~~^^^^^^
urllib3.exceptions.ProtocolError: ('Connection aborted.', TimeoutError('The write operation timed out'))

During handling of the above exception, another exception occurred:

Traceback (most recent call last):
  File "c:\Users\veny9\OneDrive\Рабочий стол\test\music-bot\bot.py", line 321, in handle_message
    bot.send_audio(message.chat.id, audio, caption=f"✅ Готово! Аудио с {platform}")
    ~~~~~~~~~~~~~~^^^^^^^^^^^^^^^^^^^^^^^^^^^^^^^^^^^^^^^^^^^^^^^^^^^^^^^^^^^^^^^^^^
  File "C:\Users\veny9\AppData\Local\Programs\Python\Python313\Lib\site-packages\telebot\__init__.py", line 1925, in send_audio
    apihelper.send_audio(
    ~~~~~~~~~~~~~~~~~~~~^
        self.token, chat_id, audio, caption, duration, performer, title, reply_to_message_id,
        ^^^^^^^^^^^^^^^^^^^^^^^^^^^^^^^^^^^^^^^^^^^^^^^^^^^^^^^^^^^^^^^^^^^^^^^^^^^^^^^^^^^^^
        reply_markup, parse_mode, disable_notification, timeout, thumbnail,
        ^^^^^^^^^^^^^^^^^^^^^^^^^^^^^^^^^^^^^^^^^^^^^^^^^^^^^^^^^^^^^^^^^^^
        caption_entities, allow_sending_without_reply, protect_content, message_thread_id))
        ^^^^^^^^^^^^^^^^^^^^^^^^^^^^^^^^^^^^^^^^^^^^^^^^^^^^^^^^^^^^^^^^^^^^^^^^^^^^^^^^^^
  File "C:\Users\veny9\AppData\Local\Programs\Python\Python313\Lib\site-packages\telebot\apihelper.py", line 893, in send_audio
    return _make_request(token, method_url, params=payload, files=files, method='post')
  File "C:\Users\veny9\AppData\Local\Programs\Python\Python313\Lib\site-packages\telebot\apihelper.py", line 156, in _make_request
    result = _get_req_session().request(
        method, request_url, params=params, files=files,
        timeout=(connect_timeout, read_timeout), proxies=proxy)
  File "C:\Users\veny9\AppData\Local\Programs\Python\Python313\Lib\site-packages\requests\sessions.py", line 589, in request
    resp = self.send(prep, **send_kwargs)
  File "C:\Users\veny9\AppData\Local\Programs\Python\Python313\Lib\site-packages\requests\sessions.py", line 703, in send
    r = adapter.send(request, **kwargs)
  File "C:\Users\veny9\AppData\Local\Programs\Python\Python313\Lib\site-packages\requests\adapters.py", line 659, in send
    raise ConnectionError(err, request=request)
requests.exceptions.ConnectionError: ('Connection aborted.', TimeoutError('The write operation timed out'))

2025-12-16 02:54:24,569 - MusicBot - INFO - 🧹 Удалены временные файлы: C:\Users\veny9\OneDrive\Рабочий стол\test\downloads\tmpw61x17h5
2025-12-16 02:54:34,550 - MusicBot - INFO - ✅ Аудио успешно скачано: C:\Users\veny9\OneDrive\Рабочий стол\test\downloads\tmpbmbs56eo\I Have a Dream, Martin Luther King Jr..mp3
2025-12-16 02:54:49,564 - MusicBot - ERROR - 💥 Критическая ошибка: ('Connection aborted.', TimeoutError('The write operation timed out'))
2025-12-16 02:54:49,568 - MusicBot - ERROR - Детали:
Traceback (most recent call last):
  File "C:\Users\veny9\AppData\Local\Programs\Python\Python313\Lib\site-packages\urllib3\connectionpool.py", line 787, in urlopen
    response = self._make_request(
        conn,
    ...<10 lines>...
        **response_kw,
    )
  File "C:\Users\veny9\AppData\Local\Programs\Python\Python313\Lib\site-packages\urllib3\connectionpool.py", line 493, in _make_request
    conn.request(
    ~~~~~~~~~~~~^
        method,
        ^^^^^^^
    ...<6 lines>...
        enforce_content_length=enforce_content_length,
        ^^^^^^^^^^^^^^^^^^^^^^^^^^^^^^^^^^^^^^^^^^^^^^
    )
    ^
  File "C:\Users\veny9\AppData\Local\Programs\Python\Python313\Lib\site-packages\urllib3\connection.py", line 508, in request
    self.send(chunk)
    ~~~~~~~~~^^^^^^^
  File "C:\Users\veny9\AppData\Local\Programs\Python\Python313\Lib\http\client.py", line 1057, in send
    self.sock.sendall(data)
    ~~~~~~~~~~~~~~~~~^^^^^^
  File "C:\Users\veny9\AppData\Local\Programs\Python\Python313\Lib\ssl.py", line 1263, in sendall
    v = self.send(byte_view[count:])
  File "C:\Users\veny9\AppData\Local\Programs\Python\Python313\Lib\ssl.py", line 1232, in send
    return self._sslobj.write(data)
           ~~~~~~~~~~~~~~~~~~^^^^^^
TimeoutError: The write operation timed out

During handling of the above exception, another exception occurred:

Traceback (most recent call last):
  File "C:\Users\veny9\AppData\Local\Programs\Python\Python313\Lib\site-packages\requests\adapters.py", line 644, in send
    resp = conn.urlopen(
        method=request.method,
    ...<9 lines>...
        chunked=chunked,
    )
  File "C:\Users\veny9\AppData\Local\Programs\Python\Python313\Lib\site-packages\urllib3\connectionpool.py", line 841, in urlopen
    retries = retries.increment(
        method, url, error=new_e, _pool=self, _stacktrace=sys.exc_info()[2]
    )
  File "C:\Users\veny9\AppData\Local\Programs\Python\Python313\Lib\site-packages\urllib3\util\retry.py", line 474, in increment
    raise reraise(type(error), error, _stacktrace)
          ~~~~~~~^^^^^^^^^^^^^^^^^^^^^^^^^^^^^^^^^
  File "C:\Users\veny9\AppData\Local\Programs\Python\Python313\Lib\site-packages\urllib3\util\util.py", line 38, in reraise
    raise value.with_traceback(tb)
  File "C:\Users\veny9\AppData\Local\Programs\Python\Python313\Lib\site-packages\urllib3\connectionpool.py", line 787, in urlopen
    response = self._make_request(
        conn,
    ...<10 lines>...
        **response_kw,
    )
  File "C:\Users\veny9\AppData\Local\Programs\Python\Python313\Lib\site-packages\urllib3\connectionpool.py", line 493, in _make_request
    conn.request(
    ~~~~~~~~~~~~^
        method,
        ^^^^^^^
    ...<6 lines>...
        enforce_content_length=enforce_content_length,
        ^^^^^^^^^^^^^^^^^^^^^^^^^^^^^^^^^^^^^^^^^^^^^^
    )
    ^
  File "C:\Users\veny9\AppData\Local\Programs\Python\Python313\Lib\site-packages\urllib3\connection.py", line 508, in request
    self.send(chunk)
    ~~~~~~~~~^^^^^^^
  File "C:\Users\veny9\AppData\Local\Programs\Python\Python313\Lib\http\client.py", line 1057, in send
    self.sock.sendall(data)
    ~~~~~~~~~~~~~~~~~^^^^^^
  File "C:\Users\veny9\AppData\Local\Programs\Python\Python313\Lib\ssl.py", line 1263, in sendall
    v = self.send(byte_view[count:])
  File "C:\Users\veny9\AppData\Local\Programs\Python\Python313\Lib\ssl.py", line 1232, in send
    return self._sslobj.write(data)
           ~~~~~~~~~~~~~~~~~~^^^^^^
urllib3.exceptions.ProtocolError: ('Connection aborted.', TimeoutError('The write operation timed out'))

During handling of the above exception, another exception occurred:

Traceback (most recent call last):
  File "c:\Users\veny9\OneDrive\Рабочий стол\test\music-bot\bot.py", line 321, in handle_message
    bot.send_audio(message.chat.id, audio, caption=f"✅ Готово! Аудио с {platform}")
    ~~~~~~~~~~~~~~^^^^^^^^^^^^^^^^^^^^^^^^^^^^^^^^^^^^^^^^^^^^^^^^^^^^^^^^^^^^^^^^^^
  File "C:\Users\veny9\AppData\Local\Programs\Python\Python313\Lib\site-packages\telebot\__init__.py", line 1925, in send_audio
    apihelper.send_audio(
    ~~~~~~~~~~~~~~~~~~~~^
        self.token, chat_id, audio, caption, duration, performer, title, reply_to_message_id,
        ^^^^^^^^^^^^^^^^^^^^^^^^^^^^^^^^^^^^^^^^^^^^^^^^^^^^^^^^^^^^^^^^^^^^^^^^^^^^^^^^^^^^^
        reply_markup, parse_mode, disable_notification, timeout, thumbnail,
        ^^^^^^^^^^^^^^^^^^^^^^^^^^^^^^^^^^^^^^^^^^^^^^^^^^^^^^^^^^^^^^^^^^^
        caption_entities, allow_sending_without_reply, protect_content, message_thread_id))
        ^^^^^^^^^^^^^^^^^^^^^^^^^^^^^^^^^^^^^^^^^^^^^^^^^^^^^^^^^^^^^^^^^^^^^^^^^^^^^^^^^^
  File "C:\Users\veny9\AppData\Local\Programs\Python\Python313\Lib\site-packages\telebot\apihelper.py", line 893, in send_audio
    return _make_request(token, method_url, params=payload, files=files, method='post')
  File "C:\Users\veny9\AppData\Local\Programs\Python\Python313\Lib\site-packages\telebot\apihelper.py", line 156, in _make_request
    result = _get_req_session().request(
        method, request_url, params=params, files=files,
        timeout=(connect_timeout, read_timeout), proxies=proxy)
  File "C:\Users\veny9\AppData\Local\Programs\Python\Python313\Lib\site-packages\requests\sessions.py", line 589, in request
    resp = self.send(prep, **send_kwargs)
  File "C:\Users\veny9\AppData\Local\Programs\Python\Python313\Lib\site-packages\requests\sessions.py", line 703, in send
    r = adapter.send(request, **kwargs)
  File "C:\Users\veny9\AppData\Local\Programs\Python\Python313\Lib\site-packages\requests\adapters.py", line 659, in send
    raise ConnectionError(err, request=request)
requests.exceptions.ConnectionError: ('Connection aborted.', TimeoutError('The write operation timed out'))

2025-12-16 02:54:50,040 - MusicBot - INFO - 🧹 Удалены временные файлы: C:\Users\veny9\OneDrive\Рабочий стол\test\downloads\tmpbmbs56eo
2025-12-16 02:57:31,427 - TeleBot - ERROR - Infinity polling: polling exited
2025-12-16 02:57:31,427 - TeleBot - ERROR - Break infinity polling
2025-12-16 02:57:31,427 - MusicBot - INFO - ⏹️ Бот завершил работу
2025-12-16 02:57:35,226 - MusicBot - INFO - 🚀 Бот с функцией скачивания запущен!
2025-12-16 02:57:52,741 - TeleBot - ERROR - Infinity polling: polling exited
2025-12-16 02:57:52,741 - TeleBot - ERROR - Break infinity polling
2025-12-16 02:58:09,123 - MusicBot - INFO - 🚀 Бот с функцией скачивания запущен!
2025-12-16 02:58:25,531 - MusicBot - INFO - 📥 Запрос на скачивание от 1362537530: https://www.youtube.com/watch?v=dQw4w9WgXcQ
2025-12-16 02:58:25,531 - MusicBot - INFO - 📥 Начинаю скачивание: https://www.youtube.com/watch?v=dQw4w9WgXcQ
2025-12-16 02:58:45,110 - MusicBot - INFO - 📤 Отправлен MP3 пользователю 1362537530
2025-12-16 02:58:45,112 - MusicBot - INFO - 🧹 Удалены временные файлы: C:\Users\veny9\OneDrive\Рабочий стол\test\downloads\tmpg8id2l75
2025-12-16 02:58:51,754 - TeleBot - ERROR - Infinity polling: polling exited
2025-12-16 02:58:51,755 - TeleBot - ERROR - Break infinity polling
